number,final record date
50136,2024-09-19 19:00:00+08:00
50137,2024-09-19 19:00:00+08:00
50246,2024-09-19 19:00:00+08:00
50247,2024-09-19 19:00:00+08:00
50349,2024-09-19 19:00:00+08:00
50353,2024-09-19 19:00:00+08:00
50425,2024-09-19 15:00:00+08:00
50431,2024-09-19 15:00:00+08:00
50434,2024-09-19 15:00:00+08:00
50442,2024-09-19 19:00:00+08:00
50445,2024-09-19 15:00:00+08:00
50468,2024-09-19 19:00:00+08:00
50514,2024-09-19 15:00:00+08:00
50524,2024-09-19 15:00:00+08:00
50525,2024-09-19 15:00:00+08:00
50526,2024-09-19 15:00:00+08:00
50527,2024-09-19 15:00:00+08:00
50548,2024-09-19 15:00:00+08:00
50557,2024-09-19 19:00:00+08:00
50564,2024-09-19 19:00:00+08:00
50566,2024-09-19 19:00:00+08:00
50603,2024-09-19 15:00:00+08:00
50618,2024-09-19 15:00:00+08:00
50632,2024-09-19 15:00:00+08:00
50639,2024-09-19 15:00:00+08:00
50645,2024-09-19 15:00:00+08:00
50646,2024-09-19 19:00:00+08:00
50647,2024-09-19 15:00:00+08:00
50655,2024-09-19 19:00:00+08:00
50656,2024-09-19 19:00:00+08:00
50658,2024-09-19 19:00:00+08:00
50659,2024-09-19 19:00:00+08:00
50673,2024-09-19 19:00:00+08:00
50674,2024-09-19 19:00:00+08:00
50727,2024-09-19 15:00:00+08:00
50739,2024-09-19 19:00:00+08:00
50741,2024-09-19 19:00:00+08:00
50742,2024-09-19 19:00:00+08:00
50745,2024-09-19 19:00:00+08:00
50749,2024-09-19 19:00:00+08:00
50750,2024-09-19 19:00:00+08:00
50755,2024-09-19 19:00:00+08:00
50756,2024-09-19 19:00:00+08:00
50758,2024-09-19 19:00:00+08:00
50767,2024-09-19 19:00:00+08:00
50772,2024-09-19 19:00:00+08:00
50774,2024-09-19 19:00:00+08:00
50775,2024-09-19 19:00:00+08:00
50776,2024-09-19 19:00:00+08:00
50778,2024-09-19 19:00:00+08:00
50779,2024-09-19 19:00:00+08:00
50787,2024-09-19 19:00:00+08:00
50788,2024-09-19 19:00:00+08:00
50832,2024-09-19 15:00:00+08:00
50833,2024-09-19 15:00:00+08:00
50834,2024-09-19 15:00:00+08:00
50838,2024-09-19 15:00:00+08:00
50842,2024-09-19 19:00:00+08:00
50844,2024-09-19 19:00:00+08:00
50850,2024-09-19 19:00:00+08:00
50851,2024-09-19 19:00:00+08:00
50852,2024-09-19 19:00:00+08:00
50853,2024-09-19 19:00:00+08:00
50854,2024-09-19 19:00:00+08:00
50858,2024-09-19 19:00:00+08:00
50859,2024-09-19 19:00:00+08:00
50861,2024-09-19 19:00:00+08:00
50862,2024-09-19 19:00:00+08:00
50867,2024-09-19 19:00:00+08:00
50871,2024-09-19 19:00:00+08:00
50873,2024-09-19 19:00:00+08:00
50877,2024-09-19 19:00:00+08:00
50878,2024-09-19 19:00:00+08:00
50879,2024-09-19 19:00:00+08:00
50880,2024-09-19 19:00:00+08:00
50881,2024-09-19 19:00:00+08:00
50884,2024-09-19 19:00:00+08:00
50888,2024-09-19 19:00:00+08:00
50892,2024-09-19 19:00:00+08:00
50913,2024-09-19 15:00:00+08:00
50915,2024-09-19 15:00:00+08:00
50924,2024-09-19 15:00:00+08:00
50928,2024-09-19 15:00:00+08:00
50934,2024-09-19 15:00:00+08:00
50936,2024-09-19 15:00:00+08:00
50937,2024-09-19 15:00:00+08:00
50939,2024-09-19 15:00:00+08:00
50940,2024-09-19 15:00:00+08:00
50945,2024-09-19 15:00:00+08:00
50946,2024-09-19 15:00:00+08:00
50948,2024-09-19 15:00:00+08:00
50949,2024-09-19 15:00:00+08:00
50950,2024-09-19 19:00:00+08:00
50953,2024-09-19 19:00:00+08:00
50954,2024-09-19 19:00:00+08:00
50955,2024-09-19 19:00:00+08:00
50956,2024-09-19 19:00:00+08:00
50958,2024-09-19 19:00:00+08:00
50960,2024-09-19 19:00:00+08:00
50962,2024-09-19 19:00:00+08:00
50963,2024-09-19 19:00:00+08:00
50964,2024-09-19 19:00:00+08:00
50965,2024-09-19 19:00:00+08:00
50968,2024-09-19 19:00:00+08:00
50971,2024-09-19 19:00:00+08:00
50973,2024-09-19 19:00:00+08:00
50978,2024-09-19 19:00:00+08:00
50979,2024-09-19 19:00:00+08:00
50983,2024-09-19 19:00:00+08:00
50985,2024-09-19 19:00:00+08:00
50987,2024-09-19 19:00:00+08:00
51053,2024-09-19 16:00:00+08:00
51058,2024-09-19 16:00:00+08:00
51059,2024-09-19 16:00:00+08:00
51060,2024-09-19 16:00:00+08:00
51068,2024-09-19 16:00:00+08:00
51076,2024-09-19 16:00:00+08:00
51087,2024-09-19 16:00:00+08:00
51133,2024-09-19 16:00:00+08:00
51137,2024-09-19 16:00:00+08:00
51145,2024-09-19 16:00:00+08:00
51156,2024-09-19 16:00:00+08:00
51186,2024-09-19 16:00:00+08:00
51232,2024-09-19 16:00:00+08:00
51238,2024-09-19 16:00:00+08:00
51241,2024-09-19 16:00:00+08:00
51243,2024-09-19 16:00:00+08:00
51288,2024-09-19 16:00:00+08:00
51328,2024-09-19 16:00:00+08:00
51329,2024-09-19 16:00:00+08:00
51330,2024-09-19 16:00:00+08:00
51334,2024-09-19 16:00:00+08:00
51346,2024-09-19 16:00:00+08:00
51352,2024-09-19 16:00:00+08:00
51353,2024-09-19 16:00:00+08:00
51356,2024-09-19 16:00:00+08:00
51357,2024-09-19 16:00:00+08:00
51358,2024-09-19 16:00:00+08:00
51359,2024-09-19 16:00:00+08:00
51365,2024-09-19 16:00:00+08:00
51367,2024-09-19 16:00:00+08:00
51368,2024-09-19 17:00:00+08:00
51369,2024-09-19 16:00:00+08:00
51377,2024-09-19 16:00:00+08:00
51378,2024-09-19 16:00:00+08:00
51379,2024-09-19 16:00:00+08:00
51430,2024-09-19 16:00:00+08:00
51431,2024-09-19 16:00:00+08:00
51433,2024-09-19 16:00:00+08:00
51434,2024-09-19 16:00:00+08:00
51435,2024-09-19 16:00:00+08:00
51436,2024-09-19 16:00:00+08:00
51437,2024-09-19 16:00:00+08:00
51438,2024-09-19 16:00:00+08:00
51463,2024-09-19 16:00:00+08:00
51465,2024-09-19 16:00:00+08:00
51467,2024-09-19 16:00:00+08:00
51468,2024-09-19 17:00:00+08:00
51469,2024-09-19 16:00:00+08:00
51470,2024-09-19 16:00:00+08:00
51477,2024-09-19 16:00:00+08:00
51482,2024-09-19 16:00:00+08:00
51495,2024-09-19 16:00:00+08:00
51526,2024-09-19 17:00:00+08:00
51542,2024-09-19 16:00:00+08:00
51559,2024-09-19 16:00:00+08:00
51567,2024-09-19 16:00:00+08:00
51568,2024-09-19 16:00:00+08:00
51571,2024-09-19 16:00:00+08:00
51572,2024-09-19 17:00:00+08:00
51573,2024-09-19 16:00:00+08:00
51581,2024-09-19 16:00:00+08:00
51627,2024-09-19 16:00:00+08:00
51628,2024-09-19 17:00:00+08:00
51629,2024-09-19 16:00:00+08:00
51633,2024-09-19 16:00:00+08:00
51636,2024-09-19 16:00:00+08:00
51639,2024-09-19 16:00:00+08:00
51642,2024-09-19 16:00:00+08:00
51644,2024-09-19 16:00:00+08:00
51655,2024-09-19 16:00:00+08:00
51656,2024-09-19 17:00:00+08:00
51701,2024-09-19 16:00:00+08:00
51704,2024-09-19 17:00:00+08:00
51705,2024-09-19 16:00:00+08:00
51707,2024-09-19 16:00:00+08:00
51708,2024-09-19 16:00:00+08:00
51709,2024-09-19 17:00:00+08:00
51711,2024-09-19 16:00:00+08:00
51716,2024-09-19 16:00:00+08:00
51717,2024-09-19 16:00:00+08:00
51720,2024-09-19 16:00:00+08:00
51722,2024-09-19 16:00:00+08:00
51730,2024-09-19 16:00:00+08:00
51747,2024-09-19 16:00:00+08:00
51765,2024-09-19 16:00:00+08:00
51777,2024-09-19 16:00:00+08:00
51802,2024-09-19 16:00:00+08:00
51804,2024-09-19 16:00:00+08:00
51810,2024-09-19 16:00:00+08:00
51811,2024-09-19 17:00:00+08:00
51814,2024-09-19 17:00:00+08:00
51815,2024-09-19 17:00:00+08:00
51818,2024-09-19 17:00:00+08:00
51826,2024-09-19 17:00:00+08:00
51827,2024-09-19 17:00:00+08:00
51828,2024-09-19 17:00:00+08:00
51829,2024-09-19 17:00:00+08:00
51839,2024-09-19 17:00:00+08:00
51855,2024-09-19 17:00:00+08:00
51886,2024-09-19 19:00:00+08:00
51931,2024-09-19 17:00:00+08:00
52101,2024-09-19 17:00:00+08:00
52112,2024-09-19 17:00:00+08:00
52118,2024-09-19 17:00:00+08:00
52203,2024-09-19 17:00:00+08:00
52267,2024-09-19 15:00:00+08:00
52313,2024-09-19 17:00:00+08:00
52323,2024-09-19 18:00:00+08:00
52378,2024-09-19 15:00:00+08:00
52418,2024-09-19 18:00:00+08:00
52424,2024-09-19 18:00:00+08:00
52436,2024-09-19 18:00:00+08:00
52446,2024-09-19 18:00:00+08:00
52447,2024-09-19 18:00:00+08:00
52495,2024-09-19 15:00:00+08:00
52515,2024-09-19 18:00:00+08:00
52533,2024-09-19 18:00:00+08:00
52546,2024-09-19 18:00:00+08:00
52557,2024-09-19 18:00:00+08:00
52575,2024-09-19 15:00:00+08:00
52576,2024-09-19 15:00:00+08:00
52602,2024-09-19 19:00:00+08:00
52607,2024-09-19 15:00:00+08:00
52633,2024-09-19 19:00:00+08:00
52643,2024-09-19 18:00:00+08:00
52645,2024-09-19 19:00:00+08:00
52652,2024-09-19 18:00:00+08:00
52656,2024-09-19 18:00:00+08:00
52657,2024-09-19 19:00:00+08:00
52661,2024-09-19 18:00:00+08:00
52674,2024-09-19 18:00:00+08:00
52675,2024-09-19 18:00:00+08:00
52679,2024-09-19 18:00:00+08:00
52681,2024-09-19 18:00:00+08:00
52707,2024-09-19 19:00:00+08:00
52713,2024-09-19 19:00:00+08:00
52737,2024-09-19 19:00:00+08:00
52745,2024-09-19 19:00:00+08:00
52754,2024-09-19 19:00:00+08:00
52765,2024-09-19 19:00:00+08:00
52784,2024-09-19 18:00:00+08:00
52787,2024-09-19 18:00:00+08:00
52797,2024-09-19 18:00:00+08:00
52818,2024-09-19 19:00:00+08:00
52825,2024-09-19 19:00:00+08:00
52833,2024-09-19 19:00:00+08:00
52836,2024-09-19 19:00:00+08:00
52842,2024-09-19 19:00:00+08:00
52853,2024-09-19 19:00:00+08:00
52854,2024-09-19 19:00:00+08:00
52855,2024-09-19 19:00:00+08:00
52856,2024-09-19 19:00:00+08:00
52862,2024-09-19 19:00:00+08:00
52863,2024-09-19 19:00:00+08:00
52866,2024-09-19 19:00:00+08:00
52868,2024-09-19 19:00:00+08:00
52869,2024-09-19 19:00:00+08:00
52874,2024-09-19 19:00:00+08:00
52875,2024-09-19 19:00:00+08:00
52876,2024-09-19 19:00:00+08:00
52877,2024-09-19 19:00:00+08:00
52881,2024-09-19 18:00:00+08:00
52884,2024-09-19 18:00:00+08:00
52885,2024-09-19 18:00:00+08:00
52889,2024-09-19 18:00:00+08:00
52895,2024-09-19 18:00:00+08:00
52896,2024-09-19 18:00:00+08:00
52908,2024-09-19 19:00:00+08:00
52941,2024-09-12 11:00:00+08:00
52943,2024-09-19 19:00:00+08:00
52955,2024-09-19 19:00:00+08:00
52957,2024-09-19 19:00:00+08:00
52963,2024-09-19 19:00:00+08:00
52968,2024-09-19 19:00:00+08:00
52972,2024-09-19 19:00:00+08:00
52974,2024-09-19 19:00:00+08:00
52978,2024-09-19 18:00:00+08:00
52980,2024-09-19 18:00:00+08:00
52981,2024-09-19 18:00:00+08:00
52982,2024-09-19 18:00:00+08:00
52983,2024-09-19 18:00:00+08:00
52984,2024-09-19 18:00:00+08:00
52985,2024-09-19 18:00:00+08:00
52986,2024-09-19 18:00:00+08:00
52988,2024-09-19 18:00:00+08:00
52993,2024-09-19 18:00:00+08:00
52995,2024-09-19 18:00:00+08:00
52996,2024-09-19 18:00:00+08:00
52998,2024-09-19 18:00:00+08:00
53068,2024-09-19 15:00:00+08:00
53083,2024-09-19 15:00:00+08:00
53149,2024-09-19 15:00:00+08:00
53192,2024-09-19 15:00:00+08:00
53195,2024-09-19 15:00:00+08:00
53231,2024-09-19 15:00:00+08:00
53272,2024-09-19 15:00:00+08:00
53276,2024-09-19 15:00:00+08:00
53289,2024-09-19 15:00:00+08:00
53324,2024-09-19 15:00:00+08:00
53336,2024-09-19 15:00:00+08:00
53337,2024-09-19 15:00:00+08:00
53343,2024-09-19 15:00:00+08:00
53348,2024-09-19 15:00:00+08:00
53352,2024-09-19 15:00:00+08:00
53357,2024-09-19 15:00:00+08:00
53362,2024-09-19 15:00:00+08:00
53367,2024-09-19 15:00:00+08:00
53368,2024-09-19 15:00:00+08:00
53378,2024-09-19 15:00:00+08:00
53384,2024-09-19 15:00:00+08:00
53385,2024-09-19 15:00:00+08:00
53391,2024-09-19 15:00:00+08:00
53392,2024-09-19 17:00:00+08:00
53397,2024-09-19 17:00:00+08:00
53399,2024-09-19 17:00:00+08:00
53419,2024-09-19 15:00:00+08:00
53420,2024-09-19 15:00:00+08:00
53433,2024-09-19 15:00:00+08:00
53446,2024-09-19 15:00:00+08:00
53455,2024-09-19 15:00:00+08:00
53457,2024-09-19 15:00:00+08:00
53463,2024-09-19 15:00:00+08:00
53464,2024-09-19 15:00:00+08:00
53466,2024-09-19 15:00:00+08:00
53467,2024-09-19 15:00:00+08:00
53469,2024-09-19 15:00:00+08:00
53472,2024-09-19 15:00:00+08:00
53475,2024-09-19 15:00:00+08:00
53478,2024-09-19 16:00:00+08:00
53480,2024-09-19 15:00:00+08:00
53481,2024-09-19 15:00:00+08:00
53483,2024-09-19 15:00:00+08:00
53484,2024-09-19 15:00:00+08:00
53486,2024-09-19 16:00:00+08:00
53487,2024-09-19 16:00:00+08:00
53488,2024-09-19 16:00:00+08:00
53490,2024-09-19 16:00:00+08:00
53491,2024-09-19 17:00:00+08:00
53492,2024-09-19 17:00:00+08:00
53498,2024-09-19 17:00:00+08:00
53499,2024-09-19 17:00:00+08:00
53502,2024-09-19 15:00:00+08:00
53505,2024-09-19 15:00:00+08:00
53512,2024-09-19 15:00:00+08:00
53513,2024-09-19 15:00:00+08:00
53517,2024-09-19 16:00:00+08:00
53518,2024-09-19 15:00:00+08:00
53519,2024-09-19 15:00:00+08:00
53522,2024-09-19 15:00:00+08:00
53529,2024-09-19 15:00:00+08:00
53533,2024-09-19 15:00:00+08:00
53543,2024-09-19 15:00:00+08:00
53545,2024-09-19 15:00:00+08:00
53547,2024-09-19 15:00:00+08:00
53553,2024-09-19 15:00:00+08:00
53562,2024-09-19 15:00:00+08:00
53564,2024-09-19 16:00:00+08:00
53565,2024-09-19 16:00:00+08:00
53567,2024-09-19 19:00:00+08:00
53573,2024-09-19 16:00:00+08:00
53574,2024-09-19 16:00:00+08:00
53575,2024-09-19 16:00:00+08:00
53576,2024-09-19 16:00:00+08:00
53577,2024-09-19 16:00:00+08:00
53578,2024-09-19 16:00:00+08:00
53579,2024-09-19 16:00:00+08:00
53580,2024-09-19 16:00:00+08:00
53582,2024-09-19 16:00:00+08:00
53584,2024-09-19 16:00:00+08:00
53585,2024-09-19 16:00:00+08:00
53588,2024-09-19 16:00:00+08:00
53590,2024-09-19 16:00:00+08:00
53593,2024-09-19 17:00:00+08:00
53594,2024-09-19 16:00:00+08:00
53596,2024-09-19 17:00:00+08:00
53599,2024-09-19 17:00:00+08:00
53602,2024-09-19 15:00:00+08:00
53603,2024-09-19 16:00:00+08:00
53610,2024-09-19 15:00:00+08:00
53611,2024-09-19 15:00:00+08:00
53612,2024-09-19 15:00:00+08:00
53614,2024-09-19 15:00:00+08:00
53615,2024-09-19 15:00:00+08:00
53617,2024-09-19 15:00:00+08:00
53618,2024-09-19 15:00:00+08:00
53619,2024-09-19 15:00:00+08:00
53644,2024-09-19 15:00:00+08:00
53646,2024-09-19 19:00:00+08:00
53651,2024-09-19 19:00:00+08:00
53658,2024-09-19 19:00:00+08:00
53659,2024-09-19 16:00:00+08:00
53660,2024-09-19 16:00:00+08:00
53662,2024-09-19 16:00:00+08:00
53663,2024-09-19 16:00:00+08:00
53664,2024-09-19 16:00:00+08:00
53665,2024-09-19 16:00:00+08:00
53666,2024-09-19 16:00:00+08:00
53669,2024-09-19 16:00:00+08:00
53673,2024-09-19 16:00:00+08:00
53674,2024-09-19 16:00:00+08:00
53676,2024-09-19 16:00:00+08:00
53677,2024-09-19 16:00:00+08:00
53678,2024-09-19 16:00:00+08:00
53679,2024-09-19 16:00:00+08:00
53680,2024-09-19 17:00:00+08:00
53681,2024-09-19 16:00:00+08:00
53682,2024-09-19 17:00:00+08:00
53685,2024-09-19 16:00:00+08:00
53687,2024-09-19 16:00:00+08:00
53688,2024-09-19 17:00:00+08:00
53689,2024-09-19 17:00:00+08:00
53690,2024-09-19 17:00:00+08:00
53691,2024-09-19 17:00:00+08:00
53692,2024-09-19 17:00:00+08:00
53693,2024-09-19 17:00:00+08:00
53694,2024-09-19 17:00:00+08:00
53695,2024-09-19 17:00:00+08:00
53696,2024-09-19 17:00:00+08:00
53697,2024-09-19 17:00:00+08:00
53698,2024-09-19 17:00:00+08:00
53699,2024-09-19 17:00:00+08:00
53704,2024-09-19 16:00:00+08:00
53705,2024-09-19 15:00:00+08:00
53707,2024-09-19 16:00:00+08:00
53723,2024-09-19 15:00:00+08:00
53725,2024-09-19 19:00:00+08:00
53727,2024-09-19 16:00:00+08:00
53730,2024-09-19 15:00:00+08:00
53732,2024-09-19 15:00:00+08:00
53735,2024-09-19 19:00:00+08:00
53738,2024-09-19 19:00:00+08:00
53740,2024-09-19 19:00:00+08:00
53748,2024-09-19 19:00:00+08:00
53750,2024-09-19 19:00:00+08:00
53751,2024-09-19 19:00:00+08:00
53753,2024-09-19 16:00:00+08:00
53754,2024-09-19 19:00:00+08:00
53756,2024-09-19 19:00:00+08:00
53757,2024-09-19 19:00:00+08:00
53759,2024-09-19 16:00:00+08:00
53760,2024-09-19 16:00:00+08:00
53763,2024-09-19 16:00:00+08:00
53764,2024-09-19 16:00:00+08:00
53767,2024-09-19 16:00:00+08:00
53768,2024-09-19 16:00:00+08:00
53769,2024-09-19 16:00:00+08:00
53770,2024-09-19 16:00:00+08:00
53771,2024-09-19 16:00:00+08:00
53772,2024-09-19 16:00:00+08:00
53773,2024-09-19 17:00:00+08:00
53774,2024-09-19 16:00:00+08:00
53775,2024-09-19 16:00:00+08:00
53776,2024-09-19 16:00:00+08:00
53777,2024-09-19 16:00:00+08:00
53778,2024-09-19 16:00:00+08:00
53780,2024-09-19 16:00:00+08:00
53781,2024-09-19 17:00:00+08:00
53782,2024-09-19 16:00:00+08:00
53783,2024-09-19 16:00:00+08:00
53784,2024-09-19 17:00:00+08:00
53785,2024-09-19 17:00:00+08:00
53786,2024-09-19 16:00:00+08:00
53787,2024-09-19 16:00:00+08:00
53788,2024-09-19 16:00:00+08:00
53789,2024-09-19 17:00:00+08:00
53790,2024-09-19 17:00:00+08:00
53791,2024-09-19 17:00:00+08:00
53792,2024-09-19 17:00:00+08:00
53794,2024-09-19 17:00:00+08:00
53795,2024-09-19 17:00:00+08:00
53796,2024-09-19 17:00:00+08:00
53797,2024-09-19 17:00:00+08:00
53798,2024-09-19 17:00:00+08:00
53799,2024-09-19 17:00:00+08:00
53806,2024-09-19 15:00:00+08:00
53810,2024-09-19 15:00:00+08:00
53817,2024-09-19 15:00:00+08:00
53821,2024-09-19 18:00:00+08:00
53829,2024-09-19 18:00:00+08:00
53832,2024-09-19 19:00:00+08:00
53841,2024-09-19 19:00:00+08:00
53845,2024-09-19 19:00:00+08:00
53848,2024-09-19 19:00:00+08:00
53850,2024-09-19 19:00:00+08:00
53852,2024-09-19 16:00:00+08:00
53853,2024-09-19 16:00:00+08:00
53854,2024-09-19 19:00:00+08:00
53856,2024-09-19 16:00:00+08:00
53857,2024-09-19 19:00:00+08:00
53859,2024-09-19 16:00:00+08:00
53860,2024-09-19 16:00:00+08:00
53861,2024-09-19 16:00:00+08:00
53862,2024-09-19 16:00:00+08:00
53863,2024-09-19 16:00:00+08:00
53864,2024-09-19 16:00:00+08:00
53865,2024-09-19 16:00:00+08:00
53866,2024-09-19 16:00:00+08:00
53868,2024-09-19 16:00:00+08:00
53869,2024-09-19 16:00:00+08:00
53871,2024-09-19 16:00:00+08:00
53872,2024-09-19 16:00:00+08:00
53873,2024-09-19 16:00:00+08:00
53874,2024-09-19 16:00:00+08:00
53875,2024-09-19 16:00:00+08:00
53877,2024-09-19 16:00:00+08:00
53878,2024-09-19 16:00:00+08:00
53879,2024-09-19 16:00:00+08:00
53880,2024-09-19 16:00:00+08:00
53881,2024-09-19 16:00:00+08:00
53882,2024-09-19 16:00:00+08:00
53883,2024-09-19 17:00:00+08:00
53884,2024-09-19 16:00:00+08:00
53885,2024-09-19 16:00:00+08:00
53886,2024-09-19 17:00:00+08:00
53888,2024-09-19 16:00:00+08:00
53889,2024-09-19 17:00:00+08:00
53890,2024-09-19 17:00:00+08:00
53891,2024-09-19 17:00:00+08:00
53892,2024-09-19 17:00:00+08:00
53893,2024-09-19 17:00:00+08:00
53894,2024-09-19 17:00:00+08:00
53895,2024-09-19 17:00:00+08:00
53896,2024-09-19 17:00:00+08:00
53897,2024-09-19 17:00:00+08:00
53898,2024-09-19 17:00:00+08:00
53899,2024-09-19 17:00:00+08:00
53903,2024-09-19 15:00:00+08:00
53906,2024-09-19 18:00:00+08:00
53908,2024-09-19 18:00:00+08:00
53910,2024-09-19 16:00:00+08:00
53913,2024-09-19 15:00:00+08:00
53914,2024-09-19 15:00:00+08:00
53915,2024-09-19 18:00:00+08:00
53916,2024-09-19 15:00:00+08:00
53917,2024-09-19 18:00:00+08:00
53923,2024-09-19 18:00:00+08:00
53924,2024-09-19 18:00:00+08:00
53925,2024-09-19 18:00:00+08:00
53926,2024-09-19 18:00:00+08:00
53927,2024-09-19 18:00:00+08:00
53928,2024-09-19 18:00:00+08:00
53929,2024-09-19 19:00:00+08:00
53930,2024-09-19 18:00:00+08:00
53931,2024-09-19 19:00:00+08:00
53934,2024-09-19 18:00:00+08:00
53935,2024-09-19 18:00:00+08:00
53937,2024-09-19 18:00:00+08:00
53938,2024-09-19 19:00:00+08:00
53941,2024-09-19 19:00:00+08:00
53942,2024-09-19 19:00:00+08:00
53944,2024-09-19 19:00:00+08:00
53945,2024-09-19 19:00:00+08:00
53946,2024-09-19 19:00:00+08:00
53947,2024-09-19 19:00:00+08:00
53948,2024-09-19 19:00:00+08:00
53949,2024-09-19 19:00:00+08:00
53950,2024-09-19 19:00:00+08:00
53953,2024-09-19 16:00:00+08:00
53954,2024-09-19 16:00:00+08:00
53955,2024-09-19 19:00:00+08:00
53956,2024-09-19 16:00:00+08:00
53957,2024-09-19 16:00:00+08:00
53958,2024-09-19 16:00:00+08:00
53959,2024-09-19 16:00:00+08:00
53961,2024-09-19 16:00:00+08:00
53962,2024-09-19 16:00:00+08:00
53963,2024-09-19 16:00:00+08:00
53964,2024-09-19 16:00:00+08:00
53965,2024-09-19 16:00:00+08:00
53966,2024-09-19 16:00:00+08:00
53967,2024-09-19 16:00:00+08:00
53968,2024-09-19 16:00:00+08:00
53970,2024-09-19 16:00:00+08:00
53972,2024-09-19 17:00:00+08:00
53973,2024-09-19 16:00:00+08:00
53974,2024-09-19 17:00:00+08:00
53975,2024-09-19 16:00:00+08:00
53976,2024-09-19 16:00:00+08:00
53978,2024-09-19 17:00:00+08:00
53979,2024-09-19 17:00:00+08:00
53980,2024-09-19 17:00:00+08:00
53981,2024-09-19 16:00:00+08:00
53982,2024-09-19 17:00:00+08:00
53983,2024-09-19 17:00:00+08:00
53984,2024-09-19 17:00:00+08:00
53985,2024-09-19 17:00:00+08:00
53986,2024-09-19 17:00:00+08:00
53987,2024-09-19 17:00:00+08:00
53988,2024-09-19 17:00:00+08:00
53989,2024-09-19 17:00:00+08:00
53991,2024-09-19 17:00:00+08:00
53992,2024-09-19 17:00:00+08:00
53993,2024-09-19 17:00:00+08:00
53994,2024-09-19 17:00:00+08:00
53995,2024-09-19 17:00:00+08:00
53996,2024-09-19 17:00:00+08:00
53997,2024-09-19 17:00:00+08:00
53998,2024-09-19 17:00:00+08:00
54012,2024-09-19 15:00:00+08:00
54024,2024-09-19 15:00:00+08:00
54026,2024-09-19 15:00:00+08:00
54027,2024-09-19 15:00:00+08:00
54031,2024-09-19 15:00:00+08:00
54039,2024-09-19 15:00:00+08:00
54041,2024-09-19 15:00:00+08:00
54047,2024-09-19 15:00:00+08:00
54049,2024-09-19 15:00:00+08:00
54063,2024-09-19 15:00:00+08:00
54064,2024-09-19 15:00:00+08:00
54065,2024-09-19 15:00:00+08:00
54069,2024-09-19 15:00:00+08:00
54072,2024-09-19 15:00:00+08:00
54076,2024-09-19 15:00:00+08:00
54080,2024-09-19 19:00:00+08:00
54084,2024-09-19 19:00:00+08:00
54092,2024-09-19 19:00:00+08:00
54093,2024-09-19 19:00:00+08:00
54094,2024-09-19 19:00:00+08:00
54096,2024-09-19 19:00:00+08:00
54098,2024-09-19 19:00:00+08:00
54099,2024-09-19 19:00:00+08:00
54102,2024-09-19 15:00:00+08:00
54113,2024-09-19 15:00:00+08:00
54115,2024-09-19 15:00:00+08:00
54117,2024-09-19 15:00:00+08:00
54122,2024-09-19 15:00:00+08:00
54132,2024-09-19 15:00:00+08:00
54134,2024-09-19 15:00:00+08:00
54135,2024-09-19 15:00:00+08:00
54142,2024-09-19 15:00:00+08:00
54154,2024-09-19 15:00:00+08:00
54155,2024-09-19 15:00:00+08:00
54156,2024-09-19 15:00:00+08:00
54157,2024-09-19 15:00:00+08:00
54161,2024-09-19 15:00:00+08:00
54164,2024-09-19 15:00:00+08:00
54165,2024-09-19 15:00:00+08:00
54169,2024-09-19 15:00:00+08:00
54171,2024-09-19 15:00:00+08:00
54172,2024-09-19 15:00:00+08:00
54181,2024-09-19 15:00:00+08:00
54186,2024-09-19 15:00:00+08:00
54187,2024-09-19 15:00:00+08:00
54192,2024-09-19 15:00:00+08:00
54195,2024-09-19 15:00:00+08:00
54204,2024-09-19 15:00:00+08:00
54205,2024-09-19 15:00:00+08:00
54208,2024-09-19 15:00:00+08:00
54213,2024-09-19 15:00:00+08:00
54214,2024-09-19 15:00:00+08:00
54218,2024-09-19 15:00:00+08:00
54223,2024-09-19 15:00:00+08:00
54225,2024-09-19 15:00:00+08:00
54226,2024-09-19 15:00:00+08:00
54231,2024-09-19 15:00:00+08:00
54234,2024-09-19 15:00:00+08:00
54236,2024-09-19 18:00:00+08:00
54237,2024-09-19 18:00:00+08:00
54243,2024-09-19 18:00:00+08:00
54244,2024-09-19 18:00:00+08:00
54245,2024-09-19 18:00:00+08:00
54248,2024-09-19 18:00:00+08:00
54249,2024-09-19 18:00:00+08:00
54252,2024-09-19 18:00:00+08:00
54254,2024-09-19 18:00:00+08:00
54259,2024-09-19 18:00:00+08:00
54260,2024-09-19 15:00:00+08:00
54261,2024-09-19 15:00:00+08:00
54263,2024-09-19 15:00:00+08:00
54266,2024-09-19 15:00:00+08:00
54267,2024-09-19 15:00:00+08:00
54273,2024-09-19 15:00:00+08:00
54274,2024-09-19 15:00:00+08:00
54276,2024-09-19 15:00:00+08:00
54279,2024-09-19 15:00:00+08:00
54284,2024-09-19 15:00:00+08:00
54285,2024-09-19 15:00:00+08:00
54286,2024-09-19 15:00:00+08:00
54287,2024-09-19 15:00:00+08:00
54290,2024-09-19 15:00:00+08:00
54291,2024-09-19 15:00:00+08:00
54292,2024-09-19 15:00:00+08:00
54293,2024-09-19 15:00:00+08:00
54301,2024-09-19 17:00:00+08:00
54304,2024-09-19 17:00:00+08:00
54305,2024-09-19 15:00:00+08:00
54308,2024-09-19 17:00:00+08:00
54311,2024-09-19 17:00:00+08:00
54313,2024-09-19 15:00:00+08:00
54316,2024-09-19 15:00:00+08:00
54318,2024-09-19 17:00:00+08:00
54319,2024-09-19 17:00:00+08:00
54320,2024-09-19 15:00:00+08:00
54321,2024-09-19 18:00:00+08:00
54323,2024-09-19 18:00:00+08:00
54324,2024-09-19 18:00:00+08:00
54325,2024-09-19 19:00:00+08:00
54326,2024-09-19 18:00:00+08:00
54327,2024-09-19 18:00:00+08:00
54328,2024-09-19 18:00:00+08:00
54330,2024-09-19 18:00:00+08:00
54331,2024-09-19 18:00:00+08:00
54332,2024-09-19 18:00:00+08:00
54333,2024-09-19 18:00:00+08:00
54334,2024-09-19 18:00:00+08:00
54335,2024-09-19 18:00:00+08:00
54336,2024-09-19 18:00:00+08:00
54337,2024-09-19 18:00:00+08:00
54338,2024-09-19 18:00:00+08:00
54339,2024-09-19 18:00:00+08:00
54340,2024-09-19 19:00:00+08:00
54342,2024-09-19 18:00:00+08:00
54345,2024-09-19 18:00:00+08:00
54346,2024-09-19 18:00:00+08:00
54347,2024-09-19 19:00:00+08:00
54348,2024-09-19 19:00:00+08:00
54349,2024-09-19 19:00:00+08:00
54351,2024-09-19 19:00:00+08:00
54353,2024-09-19 19:00:00+08:00
54362,2024-09-19 15:00:00+08:00
54363,2024-09-19 15:00:00+08:00
54365,2024-09-19 19:00:00+08:00
54371,2024-09-19 15:00:00+08:00
54374,2024-09-19 15:00:00+08:00
54377,2024-09-19 15:00:00+08:00
54386,2024-09-19 15:00:00+08:00
54398,2024-09-19 15:00:00+08:00
54399,2024-09-19 15:00:00+08:00
54401,2024-09-19 17:00:00+08:00
54404,2024-09-19 17:00:00+08:00
54405,2024-09-19 17:00:00+08:00
54406,2024-09-19 15:00:00+08:00
54408,2024-09-19 17:00:00+08:00
54410,2024-09-19 15:00:00+08:00
54412,2024-09-19 15:00:00+08:00
54416,2024-09-19 15:00:00+08:00
54419,2024-09-19 15:00:00+08:00
54420,2024-09-19 17:00:00+08:00
54421,2024-09-19 15:00:00+08:00
54423,2024-09-19 17:00:00+08:00
54424,2024-09-19 15:00:00+08:00
54425,2024-09-19 17:00:00+08:00
54428,2024-09-19 15:00:00+08:00
54429,2024-09-19 17:00:00+08:00
54430,2024-09-19 17:00:00+08:00
54431,2024-09-19 15:00:00+08:00
54432,2024-09-19 17:00:00+08:00
54433,2024-09-19 15:00:00+08:00
54434,2024-09-19 17:00:00+08:00
54436,2024-09-19 17:00:00+08:00
54437,2024-09-19 17:00:00+08:00
54438,2024-09-19 17:00:00+08:00
54439,2024-09-19 17:00:00+08:00
54449,2024-09-19 17:00:00+08:00
54452,2024-09-19 19:00:00+08:00
54453,2024-09-19 19:00:00+08:00
54454,2024-09-19 18:00:00+08:00
54455,2024-09-19 19:00:00+08:00
54470,2024-09-19 19:00:00+08:00
54471,2024-09-19 19:00:00+08:00
54472,2024-09-19 19:00:00+08:00
54474,2024-09-19 19:00:00+08:00
54475,2024-09-19 19:00:00+08:00
54476,2024-09-19 19:00:00+08:00
54483,2024-09-19 19:00:00+08:00
54486,2024-09-19 19:00:00+08:00
54493,2024-09-19 19:00:00+08:00
54494,2024-09-19 19:00:00+08:00
54497,2024-09-19 19:00:00+08:00
54499,2024-09-19 15:00:00+08:00
54502,2024-09-19 17:00:00+08:00
54503,2024-09-19 17:00:00+08:00
54505,2024-09-19 15:00:00+08:00
54506,2024-09-19 17:00:00+08:00
54507,2024-09-19 17:00:00+08:00
54510,2024-09-19 17:00:00+08:00
54511,2024-09-19 15:00:00+08:00
54512,2024-09-19 17:00:00+08:00
54513,2024-09-19 15:00:00+08:00
54514,2024-09-19 15:00:00+08:00
54515,2024-09-19 17:00:00+08:00
54517,2024-09-19 15:00:00+08:00
54518,2024-09-19 17:00:00+08:00
54519,2024-09-19 17:00:00+08:00
54520,2024-09-19 17:00:00+08:00
54521,2024-09-19 17:00:00+08:00
54522,2024-09-19 17:00:00+08:00
54523,2024-09-19 15:00:00+08:00
54525,2024-09-19 15:00:00+08:00
54526,2024-09-19 15:00:00+08:00
54527,2024-09-19 15:00:00+08:00
54528,2024-09-19 15:00:00+08:00
54529,2024-09-19 16:00:00+08:00
54530,2024-09-19 15:00:00+08:00
54531,2024-09-19 17:00:00+08:00
54532,2024-09-19 17:00:00+08:00
54533,2024-09-19 17:00:00+08:00
54534,2024-09-19 17:00:00+08:00
54535,2024-09-19 17:00:00+08:00
54538,2024-09-19 17:00:00+08:00
54539,2024-09-19 17:00:00+08:00
54540,2024-09-19 17:00:00+08:00
54541,2024-09-19 17:00:00+08:00
54563,2024-09-19 19:00:00+08:00
54565,2024-09-19 19:00:00+08:00
54568,2024-09-19 19:00:00+08:00
54569,2024-09-19 19:00:00+08:00
54575,2024-09-19 19:00:00+08:00
54579,2024-09-19 19:00:00+08:00
54584,2024-09-19 19:00:00+08:00
54590,2024-09-19 19:00:00+08:00
54594,2024-09-19 15:00:00+08:00
54596,2024-09-19 15:00:00+08:00
54597,2024-09-19 15:00:00+08:00
54601,2024-09-19 17:00:00+08:00
54602,2024-09-19 17:00:00+08:00
54603,2024-09-19 17:00:00+08:00
54604,2024-09-19 17:00:00+08:00
54605,2024-09-19 17:00:00+08:00
54606,2024-09-19 17:00:00+08:00
54607,2024-09-19 17:00:00+08:00
54608,2024-09-19 17:00:00+08:00
54609,2024-09-19 17:00:00+08:00
54610,2024-09-19 17:00:00+08:00
54611,2024-09-19 17:00:00+08:00
54612,2024-09-19 17:00:00+08:00
54613,2024-09-19 17:00:00+08:00
54614,2024-09-19 17:00:00+08:00
54615,2024-09-19 17:00:00+08:00
54616,2024-09-19 17:00:00+08:00
54617,2024-09-19 17:00:00+08:00
54618,2024-09-19 17:00:00+08:00
54619,2024-09-19 15:00:00+08:00
54620,2024-09-19 17:00:00+08:00
54621,2024-09-19 17:00:00+08:00
54622,2024-09-19 15:00:00+08:00
54623,2024-09-19 15:00:00+08:00
54624,2024-09-19 17:00:00+08:00
54626,2024-09-19 17:00:00+08:00
54627,2024-09-19 17:00:00+08:00
54628,2024-09-19 17:00:00+08:00
54631,2024-09-19 17:00:00+08:00
54632,2024-09-19 17:00:00+08:00
54633,2024-09-19 17:00:00+08:00
54636,2024-09-19 17:00:00+08:00
54640,2024-09-19 17:00:00+08:00
54644,2024-09-19 17:00:00+08:00
54645,2024-09-19 16:00:00+08:00
54646,2024-09-19 15:00:00+08:00
54660,2024-09-19 19:00:00+08:00
54662,2024-09-19 19:00:00+08:00
54700,2024-09-19 17:00:00+08:00
54701,2024-09-19 17:00:00+08:00
54702,2024-09-19 17:00:00+08:00
54703,2024-09-19 17:00:00+08:00
54704,2024-09-19 17:00:00+08:00
54705,2024-09-19 17:00:00+08:00
54706,2024-09-19 17:00:00+08:00
54707,2024-09-19 17:00:00+08:00
54708,2024-09-19 17:00:00+08:00
54709,2024-09-19 16:00:00+08:00
54710,2024-09-19 17:00:00+08:00
54711,2024-09-19 17:00:00+08:00
54712,2024-09-19 16:00:00+08:00
54713,2024-09-19 17:00:00+08:00
54714,2024-09-19 16:00:00+08:00
54715,2024-09-19 16:00:00+08:00
54716,2024-09-19 16:00:00+08:00
54717,2024-09-19 17:00:00+08:00
54718,2024-09-19 16:00:00+08:00
54719,2024-09-19 17:00:00+08:00
54722,2024-09-19 16:00:00+08:00
54723,2024-09-19 16:00:00+08:00
54724,2024-09-19 16:00:00+08:00
54725,2024-09-19 16:00:00+08:00
54726,2024-09-19 16:00:00+08:00
54727,2024-09-19 16:00:00+08:00
54728,2024-09-19 16:00:00+08:00
54729,2024-09-19 16:00:00+08:00
54730,2024-09-19 16:00:00+08:00
54731,2024-09-19 16:00:00+08:00
54732,2024-09-19 16:00:00+08:00
54734,2024-09-19 16:00:00+08:00
54736,2024-09-19 16:00:00+08:00
54737,2024-09-19 16:00:00+08:00
54738,2024-09-19 16:00:00+08:00
54744,2024-09-19 16:00:00+08:00
54749,2024-09-19 16:00:00+08:00
54751,2024-09-19 16:00:00+08:00
54752,2024-09-19 16:00:00+08:00
54753,2024-09-19 16:00:00+08:00
54755,2024-09-19 16:00:00+08:00
54759,2024-09-19 16:00:00+08:00
54764,2024-09-19 16:00:00+08:00
54765,2024-09-19 16:00:00+08:00
54766,2024-09-19 16:00:00+08:00
54774,2024-09-19 16:00:00+08:00
54776,2024-09-19 16:00:00+08:00
54777,2024-09-19 16:00:00+08:00
54778,2024-09-19 16:00:00+08:00
54800,2024-09-19 17:00:00+08:00
54801,2024-09-19 17:00:00+08:00
54802,2024-09-19 16:00:00+08:00
54803,2024-09-19 16:00:00+08:00
54804,2024-09-19 17:00:00+08:00
54805,2024-09-19 16:00:00+08:00
54806,2024-09-19 16:00:00+08:00
54807,2024-09-19 16:00:00+08:00
54808,2024-09-19 16:00:00+08:00
54809,2024-09-19 17:00:00+08:00
54810,2024-09-19 16:00:00+08:00
54811,2024-09-19 16:00:00+08:00
54812,2024-09-19 16:00:00+08:00
54814,2024-09-19 16:00:00+08:00
54815,2024-09-19 16:00:00+08:00
54816,2024-09-19 16:00:00+08:00
54817,2024-09-19 17:00:00+08:00
54818,2024-09-19 16:00:00+08:00
54819,2024-09-19 16:00:00+08:00
54820,2024-09-19 17:00:00+08:00
54821,2024-09-19 16:00:00+08:00
54822,2024-09-19 16:00:00+08:00
54823,2024-09-19 16:00:00+08:00
54824,2024-09-19 16:00:00+08:00
54825,2024-09-19 16:00:00+08:00
54826,2024-09-19 16:00:00+08:00
54827,2024-09-19 16:00:00+08:00
54828,2024-09-19 16:00:00+08:00
54829,2024-09-19 16:00:00+08:00
54830,2024-09-19 16:00:00+08:00
54831,2024-09-19 16:00:00+08:00
54832,2024-09-19 16:00:00+08:00
54833,2024-09-19 16:00:00+08:00
54834,2024-09-19 16:00:00+08:00
54835,2024-09-19 16:00:00+08:00
54836,2024-09-19 16:00:00+08:00
54837,2024-09-19 16:00:00+08:00
54841,2024-09-19 16:00:00+08:00
54842,2024-09-19 16:00:00+08:00
54843,2024-09-19 16:00:00+08:00
54844,2024-09-19 16:00:00+08:00
54846,2024-09-19 16:00:00+08:00
54848,2024-09-19 16:00:00+08:00
54849,2024-09-19 16:00:00+08:00
54851,2024-09-19 16:00:00+08:00
54852,2024-09-19 16:00:00+08:00
54853,2024-09-19 16:00:00+08:00
54855,2024-09-19 16:00:00+08:00
54857,2024-09-19 16:00:00+08:00
54861,2024-09-19 16:00:00+08:00
54863,2024-09-19 16:00:00+08:00
54871,2024-09-19 16:00:00+08:00
54900,2024-09-19 17:00:00+08:00
54901,2024-09-19 17:00:00+08:00
54902,2024-09-19 17:00:00+08:00
54903,2024-09-19 17:00:00+08:00
54904,2024-09-19 16:00:00+08:00
54905,2024-09-19 16:00:00+08:00
54906,2024-09-19 16:00:00+08:00
54907,2024-09-19 16:00:00+08:00
54908,2024-09-19 16:00:00+08:00
54909,2024-09-19 16:00:00+08:00
54910,2024-09-19 16:00:00+08:00
54911,2024-09-19 16:00:00+08:00
54912,2024-09-19 16:00:00+08:00
54913,2024-09-19 16:00:00+08:00
54914,2024-09-19 16:00:00+08:00
54915,2024-09-19 16:00:00+08:00
54916,2024-09-19 16:00:00+08:00
54917,2024-09-19 16:00:00+08:00
54918,2024-09-19 16:00:00+08:00
54919,2024-09-19 16:00:00+08:00
54920,2024-09-19 16:00:00+08:00
54921,2024-09-19 16:00:00+08:00
54922,2024-09-19 16:00:00+08:00
54923,2024-09-19 16:00:00+08:00
54925,2024-09-19 16:00:00+08:00
54927,2024-09-19 16:00:00+08:00
54929,2024-09-19 16:00:00+08:00
54932,2024-09-19 16:00:00+08:00
54935,2024-09-19 16:00:00+08:00
54936,2024-09-19 16:00:00+08:00
54938,2024-09-19 16:00:00+08:00
54939,2024-09-19 16:00:00+08:00
54940,2024-09-19 16:00:00+08:00
54943,2024-09-19 16:00:00+08:00
54945,2024-09-19 16:00:00+08:00
55228,2024-09-19 18:00:00+08:00
55248,2024-09-19 18:00:00+08:00
55279,2024-09-19 18:00:00+08:00
55294,2024-09-19 18:00:00+08:00
55299,2024-09-19 18:00:00+08:00
55437,2024-09-19 18:00:00+08:00
55472,2024-09-19 18:00:00+08:00
55493,2024-09-19 18:00:00+08:00
55569,2024-09-19 18:00:00+08:00
55572,2024-09-19 18:00:00+08:00
55578,2024-09-19 18:00:00+08:00
55585,2024-09-19 18:00:00+08:00
55589,2024-09-19 18:00:00+08:00
55591,2024-09-19 18:00:00+08:00
55593,2024-09-19 18:00:00+08:00
55597,2024-09-19 18:00:00+08:00
55598,2024-09-19 18:00:00+08:00
55655,2024-09-19 18:00:00+08:00
55664,2024-09-19 18:00:00+08:00
55680,2024-09-19 18:00:00+08:00
55681,2024-09-19 18:00:00+08:00
55690,2024-09-19 18:00:00+08:00
55696,2024-09-19 18:00:00+08:00
55773,2024-09-19 18:00:00+08:00
56004,2024-09-19 19:00:00+08:00
56016,2024-09-19 19:00:00+08:00
56018,2024-09-19 19:00:00+08:00
56021,2024-09-19 19:00:00+08:00
56029,2024-09-19 19:00:00+08:00
56033,2024-09-19 19:00:00+08:00
56034,2024-09-19 19:00:00+08:00
56038,2024-09-19 15:00:00+08:00
56043,2024-09-19 19:00:00+08:00
56045,2024-09-19 19:00:00+08:00
56046,2024-09-19 19:00:00+08:00
56065,2024-09-19 19:00:00+08:00
56067,2024-09-19 19:00:00+08:00
56071,2024-09-19 18:00:00+08:00
56074,2024-09-19 18:00:00+08:00
56079,2024-09-19 15:00:00+08:00
56080,2024-09-19 18:00:00+08:00
56081,2024-09-19 18:00:00+08:00
56082,2024-09-19 18:00:00+08:00
56084,2024-09-19 18:00:00+08:00
56091,2024-09-19 18:00:00+08:00
56092,2024-09-19 18:00:00+08:00
56093,2024-09-19 18:00:00+08:00
56094,2024-09-19 18:00:00+08:00
56095,2024-09-19 18:00:00+08:00
56096,2024-09-19 18:00:00+08:00
56097,2024-09-19 15:00:00+08:00
56106,2024-09-19 18:00:00+08:00
56109,2024-09-19 18:00:00+08:00
56116,2024-09-19 18:00:00+08:00
56125,2024-09-19 19:00:00+08:00
56128,2024-09-19 18:00:00+08:00
56137,2024-09-19 18:00:00+08:00
56144,2024-09-19 15:00:00+08:00
56146,2024-09-19 15:00:00+08:00
56147,2024-09-19 15:00:00+08:00
56151,2024-09-19 19:00:00+08:00
56152,2024-09-19 15:00:00+08:00
56158,2024-09-19 15:00:00+08:00
56164,2024-09-19 15:00:00+08:00
56167,2024-09-19 15:00:00+08:00
56168,2024-09-19 15:00:00+08:00
56171,2024-09-19 15:00:00+08:00
56172,2024-09-19 15:00:00+08:00
56173,2024-09-19 15:00:00+08:00
56178,2024-09-19 15:00:00+08:00
56180,2024-09-19 15:00:00+08:00
56181,2024-09-19 15:00:00+08:00
56182,2024-09-19 15:00:00+08:00
56183,2024-09-19 15:00:00+08:00
56184,2024-09-19 15:00:00+08:00
56185,2024-09-19 15:00:00+08:00
56186,2024-09-19 15:00:00+08:00
56187,2024-09-19 15:00:00+08:00
56188,2024-09-19 15:00:00+08:00
56189,2024-09-19 15:00:00+08:00
56190,2024-09-19 15:00:00+08:00
56192,2024-09-19 18:00:00+08:00
56193,2024-09-19 15:00:00+08:00
56194,2024-09-19 15:00:00+08:00
56195,2024-09-19 15:00:00+08:00
56196,2024-09-19 15:00:00+08:00
56197,2024-09-19 15:00:00+08:00
56198,2024-09-19 15:00:00+08:00
56199,2024-09-19 15:00:00+08:00
56202,2024-09-19 18:00:00+08:00
56223,2024-09-19 18:00:00+08:00
56227,2024-09-19 18:00:00+08:00
56228,2024-09-19 18:00:00+08:00
56247,2024-09-19 15:00:00+08:00
56251,2024-09-19 15:00:00+08:00
56257,2024-09-19 15:00:00+08:00
56263,2024-09-19 15:00:00+08:00
56267,2024-09-19 15:00:00+08:00
56272,2024-09-19 15:00:00+08:00
56273,2024-09-19 15:00:00+08:00
56276,2024-09-19 15:00:00+08:00
56278,2024-09-19 15:00:00+08:00
56279,2024-09-19 15:00:00+08:00
56280,2024-09-19 15:00:00+08:00
56281,2024-09-19 15:00:00+08:00
56284,2024-09-19 15:00:00+08:00
56285,2024-09-19 15:00:00+08:00
56286,2024-09-19 15:00:00+08:00
56287,2024-09-19 15:00:00+08:00
56288,2024-09-19 15:00:00+08:00
56289,2024-09-19 15:00:00+08:00
56290,2024-09-19 15:00:00+08:00
56291,2024-09-19 15:00:00+08:00
56295,2024-09-19 15:00:00+08:00
56296,2024-09-19 15:00:00+08:00
56297,2024-09-19 15:00:00+08:00
56298,2024-09-19 15:00:00+08:00
56307,2024-09-19 18:00:00+08:00
56312,2024-09-19 18:00:00+08:00
56317,2024-09-19 18:00:00+08:00
56319,2024-09-19 18:00:00+08:00
56331,2024-09-19 18:00:00+08:00
56342,2024-09-19 18:00:00+08:00
56357,2024-09-19 15:00:00+08:00
56371,2024-09-19 15:00:00+08:00
56373,2024-09-19 15:00:00+08:00
56374,2024-09-19 15:00:00+08:00
56376,2024-09-19 15:00:00+08:00
56378,2024-09-19 15:00:00+08:00
56380,2024-09-19 15:00:00+08:00
56381,2024-09-19 15:00:00+08:00
56382,2024-09-19 15:00:00+08:00
56383,2024-09-19 15:00:00+08:00
56384,2024-09-19 15:00:00+08:00
56385,2024-09-19 15:00:00+08:00
56386,2024-09-19 15:00:00+08:00
56387,2024-09-19 15:00:00+08:00
56388,2024-09-19 15:00:00+08:00
56389,2024-09-19 15:00:00+08:00
56390,2024-09-19 15:00:00+08:00
56391,2024-09-19 15:00:00+08:00
56393,2024-09-19 15:00:00+08:00
56394,2024-09-19 15:00:00+08:00
56395,2024-09-19 15:00:00+08:00
56396,2024-09-19 15:00:00+08:00
56399,2024-09-19 15:00:00+08:00
56434,2024-09-19 18:00:00+08:00
56441,2024-09-19 15:00:00+08:00
56443,2024-09-19 15:00:00+08:00
56444,2024-09-19 15:00:00+08:00
56449,2024-09-19 14:00:00+08:00
56459,2024-09-19 15:00:00+08:00
56462,2024-09-19 15:00:00+08:00
56473,2024-09-19 15:00:00+08:00
56474,2024-09-19 15:00:00+08:00
56475,2024-09-19 15:00:00+08:00
56478,2024-09-19 15:00:00+08:00
56479,2024-09-19 15:00:00+08:00
56480,2024-09-19 15:00:00+08:00
56483,2024-09-19 15:00:00+08:00
56485,2024-09-19 15:00:00+08:00
56487,2024-09-19 15:00:00+08:00
56489,2024-09-19 15:00:00+08:00
56490,2024-09-19 15:00:00+08:00
56491,2024-09-19 15:00:00+08:00
56492,2024-09-19 15:00:00+08:00
56493,2024-09-19 15:00:00+08:00
56494,2024-09-19 15:00:00+08:00
56496,2024-09-19 15:00:00+08:00
56497,2024-09-19 15:00:00+08:00
56498,2024-09-19 15:00:00+08:00
56499,2024-09-19 15:00:00+08:00
56533,2024-09-19 15:00:00+08:00
56543,2024-09-19 15:00:00+08:00
56548,2024-09-19 15:00:00+08:00
56565,2024-09-19 15:00:00+08:00
56567,2024-09-19 15:00:00+08:00
56569,2024-09-19 15:00:00+08:00
56571,2024-09-19 15:00:00+08:00
56575,2024-09-19 15:00:00+08:00
56578,2024-09-19 15:00:00+08:00
56580,2024-09-19 15:00:00+08:00
56582,2024-09-19 15:00:00+08:00
56584,2024-09-19 15:00:00+08:00
56585,2024-09-19 15:00:00+08:00
56586,2024-09-19 15:00:00+08:00
56592,2024-09-19 15:00:00+08:00
56593,2024-09-19 15:00:00+08:00
56594,2024-09-19 15:00:00+08:00
56595,2024-09-19 15:00:00+08:00
56596,2024-09-19 15:00:00+08:00
56598,2024-09-19 18:00:00+08:00
56641,2024-09-19 15:00:00+08:00
56643,2024-09-19 15:00:00+08:00
56645,2024-09-19 15:00:00+08:00
56646,2024-09-19 15:00:00+08:00
56649,2024-09-19 15:00:00+08:00
56651,2024-09-19 15:00:00+08:00
56652,2024-09-19 15:00:00+08:00
56654,2024-09-19 15:00:00+08:00
56664,2024-09-19 15:00:00+08:00
56665,2024-09-19 15:00:00+08:00
56666,2024-09-19 15:00:00+08:00
56669,2024-09-19 15:00:00+08:00
56670,2024-09-19 15:00:00+08:00
56671,2024-09-19 15:00:00+08:00
56673,2024-09-19 15:00:00+08:00
56674,2024-09-19 15:00:00+08:00
56675,2024-09-19 15:00:00+08:00
56684,2024-09-19 15:00:00+08:00
56688,2024-09-19 15:00:00+08:00
56691,2024-09-19 18:00:00+08:00
56693,2024-09-19 18:00:00+08:00
56697,2024-09-19 15:00:00+08:00
56739,2024-09-19 15:00:00+08:00
56742,2024-09-19 15:00:00+08:00
56745,2024-09-19 15:00:00+08:00
56746,2024-09-19 15:00:00+08:00
56748,2024-09-19 15:00:00+08:00
56751,2024-09-19 15:00:00+08:00
56752,2024-09-19 15:00:00+08:00
56755,2024-09-19 15:00:00+08:00
56756,2024-09-19 15:00:00+08:00
56757,2024-09-19 15:00:00+08:00
56761,2024-09-19 15:00:00+08:00
56763,2024-09-19 15:00:00+08:00
56764,2024-09-19 15:00:00+08:00
56766,2024-09-19 15:00:00+08:00
56767,2024-09-19 15:00:00+08:00
56768,2024-09-19 15:00:00+08:00
56772,2024-09-19 15:00:00+08:00
56774,2024-09-19 15:00:00+08:00
56775,2024-09-19 15:00:00+08:00
56777,2024-09-19 15:00:00+08:00
56778,2024-09-19 15:00:00+08:00
56781,2024-09-19 15:00:00+08:00
56782,2024-09-19 15:00:00+08:00
56783,2024-09-19 15:00:00+08:00
56785,2024-09-19 15:00:00+08:00
56786,2024-09-19 15:00:00+08:00
56788,2024-09-19 15:00:00+08:00
56790,2024-09-19 15:00:00+08:00
56792,2024-09-19 18:00:00+08:00
56793,2024-09-19 18:00:00+08:00
56835,2024-09-19 15:00:00+08:00
56836,2024-09-19 15:00:00+08:00
56838,2024-09-19 15:00:00+08:00
56839,2024-09-19 15:00:00+08:00
56840,2024-09-19 15:00:00+08:00
56841,2024-09-19 15:00:00+08:00
56842,2024-09-19 15:00:00+08:00
56843,2024-09-19 15:00:00+08:00
56844,2024-09-19 15:00:00+08:00
56846,2024-09-19 15:00:00+08:00
56849,2024-09-19 15:00:00+08:00
56851,2024-09-19 15:00:00+08:00
56854,2024-09-19 15:00:00+08:00
56856,2024-09-19 15:00:00+08:00
56862,2024-09-19 14:00:00+08:00
56863,2024-09-19 15:00:00+08:00
56867,2024-09-19 15:00:00+08:00
56869,2024-09-19 15:00:00+08:00
56870,2024-09-19 15:00:00+08:00
56871,2024-09-19 15:00:00+08:00
56872,2024-09-19 15:00:00+08:00
56873,2024-09-19 15:00:00+08:00
56875,2024-09-19 15:00:00+08:00
56876,2024-09-19 15:00:00+08:00
56878,2024-09-19 15:00:00+08:00
56879,2024-09-19 15:00:00+08:00
56880,2024-09-19 15:00:00+08:00
56881,2024-09-19 15:00:00+08:00
56882,2024-09-19 15:00:00+08:00
56883,2024-09-19 15:00:00+08:00
56885,2024-09-19 15:00:00+08:00
56886,2024-09-19 15:00:00+08:00
56889,2024-09-19 15:00:00+08:00
56891,2024-09-19 15:00:00+08:00
56898,2024-09-19 15:00:00+08:00
56944,2024-09-19 15:00:00+08:00
56946,2024-09-19 15:00:00+08:00
56948,2024-09-19 15:00:00+08:00
56949,2024-09-19 15:00:00+08:00
56950,2024-09-19 15:00:00+08:00
56951,2024-09-19 15:00:00+08:00
56952,2024-09-19 15:00:00+08:00
56954,2024-09-19 15:00:00+08:00
56958,2024-09-19 15:00:00+08:00
56959,2024-09-19 15:00:00+08:00
56961,2024-09-19 15:00:00+08:00
56962,2024-09-19 15:00:00+08:00
56964,2024-09-19 15:00:00+08:00
56966,2024-09-19 15:00:00+08:00
56969,2024-09-19 15:00:00+08:00
56970,2024-09-19 15:00:00+08:00
56973,2024-09-19 15:00:00+08:00
56975,2024-09-19 15:00:00+08:00
56976,2024-09-19 15:00:00+08:00
56977,2024-09-19 15:00:00+08:00
56978,2024-09-19 15:00:00+08:00
56982,2024-09-19 15:00:00+08:00
56984,2024-09-19 15:00:00+08:00
56985,2024-09-19 15:00:00+08:00
56986,2024-09-19 15:00:00+08:00
56987,2024-09-19 15:00:00+08:00
56989,2024-09-19 15:00:00+08:00
56991,2024-09-19 15:00:00+08:00
56992,2024-09-19 15:00:00+08:00
56994,2024-09-19 15:00:00+08:00
56995,2024-09-19 15:00:00+08:00
56996,2024-09-19 15:00:00+08:00
57001,2024-09-19 18:00:00+08:00
57002,2024-09-19 18:00:00+08:00
57003,2024-09-19 19:00:00+08:00
57004,2024-09-19 18:00:00+08:00
57006,2024-09-19 18:00:00+08:00
57007,2024-09-19 18:00:00+08:00
57008,2024-09-19 18:00:00+08:00
57011,2024-09-19 18:00:00+08:00
57012,2024-09-19 18:00:00+08:00
57014,2024-09-19 18:00:00+08:00
57016,2024-09-19 19:00:00+08:00
57020,2024-09-19 19:00:00+08:00
57021,2024-09-19 19:00:00+08:00
57022,2024-09-19 19:00:00+08:00
57023,2024-09-19 19:00:00+08:00
57024,2024-09-19 19:00:00+08:00
57025,2024-09-19 19:00:00+08:00
57026,2024-09-19 19:00:00+08:00
57027,2024-09-19 19:00:00+08:00
57028,2024-09-19 19:00:00+08:00
57029,2024-09-19 19:00:00+08:00
57030,2024-09-19 19:00:00+08:00
57031,2024-09-19 19:00:00+08:00
57032,2024-09-19 19:00:00+08:00
57033,2024-09-19 19:00:00+08:00
57034,2024-09-19 19:00:00+08:00
57035,2024-09-19 19:00:00+08:00
57037,2024-09-19 19:00:00+08:00
57038,2024-09-19 19:00:00+08:00
57039,2024-09-19 19:00:00+08:00
57040,2024-09-19 19:00:00+08:00
57041,2024-09-19 19:00:00+08:00
57042,2024-09-19 19:00:00+08:00
57043,2024-09-19 19:00:00+08:00
57044,2024-09-19 19:00:00+08:00
57045,2024-09-19 19:00:00+08:00
57046,2024-09-19 19:00:00+08:00
57047,2024-09-19 19:00:00+08:00
57048,2024-09-19 19:00:00+08:00
57049,2024-09-19 19:00:00+08:00
57051,2024-09-19 17:00:00+08:00
57052,2024-09-19 16:00:00+08:00
57053,2024-09-19 16:00:00+08:00
57054,2024-09-19 19:00:00+08:00
57055,2024-09-19 19:00:00+08:00
57056,2024-09-19 17:00:00+08:00
57057,2024-09-19 19:00:00+08:00
57060,2024-09-19 16:00:00+08:00
57061,2024-09-19 16:00:00+08:00
57063,2024-09-19 17:00:00+08:00
57065,2024-09-19 17:00:00+08:00
57066,2024-09-19 17:00:00+08:00
57067,2024-09-19 17:00:00+08:00
57070,2024-09-19 17:00:00+08:00
57071,2024-09-19 17:00:00+08:00
57072,2024-09-19 17:00:00+08:00
57074,2024-09-19 17:00:00+08:00
57075,2024-09-19 17:00:00+08:00
57076,2024-09-19 17:00:00+08:00
57077,2024-09-19 17:00:00+08:00
57078,2024-09-19 17:00:00+08:00
57079,2024-09-19 17:00:00+08:00
57080,2024-09-19 17:00:00+08:00
57081,2024-09-19 17:00:00+08:00
57082,2024-09-19 17:00:00+08:00
57083,2024-09-19 17:00:00+08:00
57084,2024-09-19 17:00:00+08:00
57085,2024-09-19 17:00:00+08:00
57086,2024-09-19 17:00:00+08:00
57087,2024-09-19 17:00:00+08:00
57088,2024-09-19 17:00:00+08:00
57089,2024-09-19 17:00:00+08:00
57090,2024-09-19 17:00:00+08:00
57091,2024-09-19 17:00:00+08:00
57093,2024-09-19 17:00:00+08:00
57094,2024-09-19 17:00:00+08:00
57095,2024-09-19 17:00:00+08:00
57096,2024-09-19 17:00:00+08:00
57098,2024-09-19 17:00:00+08:00
57099,2024-09-19 17:00:00+08:00
57102,2024-09-19 18:00:00+08:00
57105,2024-09-19 18:00:00+08:00
57106,2024-09-19 19:00:00+08:00
57110,2024-09-19 18:00:00+08:00
57111,2024-09-19 18:00:00+08:00
57113,2024-09-19 19:00:00+08:00
57119,2024-09-19 19:00:00+08:00
57123,2024-09-19 19:00:00+08:00
57124,2024-09-19 19:00:00+08:00
57126,2024-09-19 19:00:00+08:00
57127,2024-09-19 19:00:00+08:00
57128,2024-09-19 19:00:00+08:00
57129,2024-09-19 19:00:00+08:00
57131,2024-09-19 19:00:00+08:00
57132,2024-09-19 19:00:00+08:00
57134,2024-09-19 19:00:00+08:00
57137,2024-09-19 19:00:00+08:00
57140,2024-09-19 19:00:00+08:00
57143,2024-09-19 19:00:00+08:00
57144,2024-09-19 19:00:00+08:00
57153,2024-09-19 19:00:00+08:00
57154,2024-09-19 19:00:00+08:00
57155,2024-09-19 19:00:00+08:00
57156,2024-09-19 17:00:00+08:00
57162,2024-09-19 17:00:00+08:00
57169,2024-09-19 17:00:00+08:00
57173,2024-09-19 17:00:00+08:00
57175,2024-09-19 17:00:00+08:00
57176,2024-09-19 17:00:00+08:00
57177,2024-09-19 17:00:00+08:00
57178,2024-09-19 17:00:00+08:00
57179,2024-09-19 17:00:00+08:00
57180,2024-09-19 17:00:00+08:00
57181,2024-09-19 17:00:00+08:00
57182,2024-09-19 17:00:00+08:00
57183,2024-09-19 17:00:00+08:00
57184,2024-09-19 17:00:00+08:00
57185,2024-09-19 17:00:00+08:00
57186,2024-09-19 17:00:00+08:00
57187,2024-09-19 17:00:00+08:00
57188,2024-09-19 17:00:00+08:00
57189,2024-09-19 17:00:00+08:00
57190,2024-09-19 17:00:00+08:00
57191,2024-09-19 17:00:00+08:00
57192,2024-09-19 17:00:00+08:00
57193,2024-09-19 17:00:00+08:00
57194,2024-09-19 17:00:00+08:00
57195,2024-09-19 17:00:00+08:00
57196,2024-09-19 17:00:00+08:00
57197,2024-09-19 17:00:00+08:00
57198,2024-09-19 17:00:00+08:00
57204,2024-09-19 15:00:00+08:00
57206,2024-09-19 15:00:00+08:00
57208,2024-09-19 15:00:00+08:00
57211,2024-09-19 19:00:00+08:00
57213,2024-09-19 19:00:00+08:00
57216,2024-09-19 15:00:00+08:00
57217,2024-09-19 15:00:00+08:00
57231,2024-09-19 19:00:00+08:00
57232,2024-09-19 19:00:00+08:00
57233,2024-09-19 19:00:00+08:00
57237,2024-09-19 15:00:00+08:00
57238,2024-09-19 19:00:00+08:00
57242,2024-09-19 19:00:00+08:00
57245,2024-09-19 19:00:00+08:00
57247,2024-09-19 19:00:00+08:00
57248,2024-09-19 19:00:00+08:00
57249,2024-09-19 18:00:00+08:00
57251,2024-09-19 18:00:00+08:00
57253,2024-09-19 18:00:00+08:00
57254,2024-09-19 19:00:00+08:00
57256,2024-09-19 18:00:00+08:00
57257,2024-09-19 18:00:00+08:00
57259,2024-09-19 18:00:00+08:00
57260,2024-09-19 18:00:00+08:00
57261,2024-09-19 17:00:00+08:00
57265,2024-09-19 18:00:00+08:00
57268,2024-09-19 18:00:00+08:00
57271,2024-09-19 17:00:00+08:00
57273,2024-09-19 17:00:00+08:00
57274,2024-09-19 17:00:00+08:00
57278,2024-09-19 18:00:00+08:00
57279,2024-09-19 18:00:00+08:00
57281,2024-09-19 17:00:00+08:00
57285,2024-09-19 17:00:00+08:00
57290,2024-09-19 17:00:00+08:00
57292,2024-09-19 17:00:00+08:00
57293,2024-09-19 17:00:00+08:00
57294,2024-09-19 17:00:00+08:00
57295,2024-09-19 17:00:00+08:00
57296,2024-09-19 17:00:00+08:00
57297,2024-09-19 17:00:00+08:00
57298,2024-09-19 17:00:00+08:00
57299,2024-09-19 17:00:00+08:00
57303,2024-09-19 15:00:00+08:00
57304,2024-09-19 15:00:00+08:00
57306,2024-09-19 15:00:00+08:00
57307,2024-09-19 15:00:00+08:00
57308,2024-09-19 15:00:00+08:00
57309,2024-09-19 15:00:00+08:00
57313,2024-09-19 15:00:00+08:00
57314,2024-09-19 15:00:00+08:00
57315,2024-09-19 15:00:00+08:00
57317,2024-09-19 15:00:00+08:00
57318,2024-09-19 15:00:00+08:00
57320,2024-09-19 15:00:00+08:00
57324,2024-09-19 15:00:00+08:00
57326,2024-09-19 15:00:00+08:00
57328,2024-09-19 15:00:00+08:00
57329,2024-09-19 15:00:00+08:00
57333,2024-09-19 19:00:00+08:00
57338,2024-09-19 19:00:00+08:00
57339,2024-09-19 19:00:00+08:00
57343,2024-09-19 19:00:00+08:00
57345,2024-09-19 19:00:00+08:00
57348,2024-09-19 19:00:00+08:00
57349,2024-09-19 19:00:00+08:00
57355,2024-09-19 18:00:00+08:00
57358,2024-09-19 18:00:00+08:00
57359,2024-09-19 18:00:00+08:00
57361,2024-09-19 18:00:00+08:00
57362,2024-09-19 18:00:00+08:00
57363,2024-09-19 18:00:00+08:00
57368,2024-09-19 18:00:00+08:00
57370,2024-09-19 18:00:00+08:00
57377,2024-09-19 18:00:00+08:00
57378,2024-09-19 18:00:00+08:00
57381,2024-09-19 18:00:00+08:00
57385,2024-09-19 18:00:00+08:00
57386,2024-09-19 18:00:00+08:00
57387,2024-09-19 18:00:00+08:00
57388,2024-09-19 18:00:00+08:00
57389,2024-09-19 18:00:00+08:00
57390,2024-09-19 17:00:00+08:00
57395,2024-09-19 18:00:00+08:00
57396,2024-09-19 17:00:00+08:00
57398,2024-09-19 18:00:00+08:00
57399,2024-09-19 18:00:00+08:00
57401,2024-09-19 15:00:00+08:00
57402,2024-09-19 15:00:00+08:00
57403,2024-09-19 15:00:00+08:00
57405,2024-09-19 15:00:00+08:00
57407,2024-09-19 15:00:00+08:00
57408,2024-09-19 15:00:00+08:00
57409,2024-09-19 19:00:00+08:00
57411,2024-09-19 15:00:00+08:00
57413,2024-09-19 15:00:00+08:00
57414,2024-09-19 15:00:00+08:00
57415,2024-09-19 15:00:00+08:00
57416,2024-09-19 15:00:00+08:00
57417,2024-09-19 15:00:00+08:00
57420,2024-09-19 15:00:00+08:00
57425,2024-09-19 19:00:00+08:00
57426,2024-09-19 19:00:00+08:00
57431,2024-09-19 19:00:00+08:00
57432,2024-09-19 19:00:00+08:00
57437,2024-09-19 19:00:00+08:00
57438,2024-09-19 19:00:00+08:00
57439,2024-09-19 18:00:00+08:00
57445,2024-09-19 18:00:00+08:00
57447,2024-09-19 18:00:00+08:00
57453,2024-09-19 18:00:00+08:00
57458,2024-09-19 18:00:00+08:00
57460,2024-09-19 18:00:00+08:00
57461,2024-09-19 18:00:00+08:00
57462,2024-09-19 18:00:00+08:00
57464,2024-09-19 18:00:00+08:00
57465,2024-09-19 18:00:00+08:00
57466,2024-09-19 18:00:00+08:00
57469,2024-09-19 18:00:00+08:00
57475,2024-09-19 18:00:00+08:00
57476,2024-09-19 18:00:00+08:00
57477,2024-09-19 18:00:00+08:00
57481,2024-09-19 18:00:00+08:00
57482,2024-09-19 18:00:00+08:00
57483,2024-09-19 18:00:00+08:00
57484,2024-09-19 18:00:00+08:00
57485,2024-09-19 18:00:00+08:00
57486,2024-09-19 18:00:00+08:00
57489,2024-09-19 18:00:00+08:00
57491,2024-09-19 18:00:00+08:00
57492,2024-09-19 18:00:00+08:00
57493,2024-09-19 18:00:00+08:00
57494,2024-09-19 18:00:00+08:00
57495,2024-09-19 18:00:00+08:00
57496,2024-09-19 18:00:00+08:00
57498,2024-09-19 18:00:00+08:00
57499,2024-09-19 18:00:00+08:00
57502,2024-09-19 19:00:00+08:00
57503,2024-09-19 15:00:00+08:00
57505,2024-09-19 19:00:00+08:00
57506,2024-09-19 19:00:00+08:00
57507,2024-09-19 15:00:00+08:00
57508,2024-09-19 15:00:00+08:00
57509,2024-09-19 19:00:00+08:00
57510,2024-09-19 19:00:00+08:00
57511,2024-09-19 19:00:00+08:00
57512,2024-09-19 19:00:00+08:00
57513,2024-09-19 19:00:00+08:00
57514,2024-09-19 19:00:00+08:00
57516,2024-09-19 19:00:00+08:00
57517,2024-09-19 19:00:00+08:00
57518,2024-09-19 19:00:00+08:00
57519,2024-09-19 19:00:00+08:00
57520,2024-09-19 19:00:00+08:00
57522,2024-09-19 19:00:00+08:00
57523,2024-09-19 19:00:00+08:00
57525,2024-09-19 19:00:00+08:00
57536,2024-09-19 19:00:00+08:00
57537,2024-09-19 19:00:00+08:00
57540,2024-09-19 18:00:00+08:00
57541,2024-09-19 18:00:00+08:00
57543,2024-09-19 18:00:00+08:00
57544,2024-09-19 18:00:00+08:00
57545,2024-09-19 18:00:00+08:00
57554,2024-09-19 18:00:00+08:00
57558,2024-09-19 18:00:00+08:00
57562,2024-09-19 18:00:00+08:00
57564,2024-09-19 18:00:00+08:00
57565,2024-09-19 18:00:00+08:00
57566,2024-09-19 18:00:00+08:00
57571,2024-09-19 18:00:00+08:00
57573,2024-09-19 18:00:00+08:00
57574,2024-09-19 18:00:00+08:00
57575,2024-09-19 18:00:00+08:00
57577,2024-09-19 18:00:00+08:00
57581,2024-09-19 18:00:00+08:00
57582,2024-09-19 18:00:00+08:00
57583,2024-09-19 18:00:00+08:00
57584,2024-09-19 18:00:00+08:00
57585,2024-09-19 18:00:00+08:00
57586,2024-09-19 18:00:00+08:00
57589,2024-09-19 18:00:00+08:00
57590,2024-09-19 18:00:00+08:00
57595,2024-09-19 18:00:00+08:00
57596,2024-09-19 18:00:00+08:00
57598,2024-09-19 16:00:00+08:00
57600,2024-09-19 15:00:00+08:00
57603,2024-09-19 15:00:00+08:00
57604,2024-09-19 15:00:00+08:00
57605,2024-09-19 15:00:00+08:00
57606,2024-09-19 18:00:00+08:00
57608,2024-09-19 15:00:00+08:00
57609,2024-09-19 18:00:00+08:00
57612,2024-09-19 19:00:00+08:00
57614,2024-09-19 18:00:00+08:00
57623,2024-09-19 18:00:00+08:00
57625,2024-09-19 18:00:00+08:00
57633,2024-09-19 19:00:00+08:00
57634,2024-09-19 18:00:00+08:00
57635,2024-09-19 19:00:00+08:00
57636,2024-09-19 18:00:00+08:00
57637,2024-09-19 18:00:00+08:00
57640,2024-09-19 18:00:00+08:00
57642,2024-09-19 18:00:00+08:00
57643,2024-09-19 18:00:00+08:00
57646,2024-09-19 18:00:00+08:00
57647,2024-09-19 18:00:00+08:00
57649,2024-09-19 18:00:00+08:00
57655,2024-09-19 18:00:00+08:00
57657,2024-09-19 18:00:00+08:00
57658,2024-09-19 18:00:00+08:00
57661,2024-09-19 18:00:00+08:00
57662,2024-09-19 18:00:00+08:00
57663,2024-09-19 18:00:00+08:00
57666,2024-09-19 18:00:00+08:00
57669,2024-09-19 18:00:00+08:00
57671,2024-09-19 18:00:00+08:00
57673,2024-09-19 18:00:00+08:00
57674,2024-09-19 18:00:00+08:00
57678,2024-09-19 18:00:00+08:00
57679,2024-09-19 18:00:00+08:00
57680,2024-09-19 18:00:00+08:00
57682,2024-09-19 18:00:00+08:00
57687,2024-09-19 18:00:00+08:00
57688,2024-09-19 18:00:00+08:00
57694,2024-09-19 16:00:00+08:00
57696,2024-09-19 16:00:00+08:00
57698,2024-09-19 16:00:00+08:00
57699,2024-09-19 16:00:00+08:00
57707,2024-09-19 18:00:00+08:00
57708,2024-09-19 18:00:00+08:00
57710,2024-09-19 18:00:00+08:00
57712,2024-09-19 18:00:00+08:00
57713,2024-08-27 17:00:00+08:00
57714,2024-09-19 18:00:00+08:00
57717,2024-09-19 18:00:00+08:00
57718,2024-09-19 18:00:00+08:00
57719,2024-09-19 18:00:00+08:00
57720,2024-09-19 18:00:00+08:00
57722,2024-09-19 18:00:00+08:00
57723,2024-09-19 18:00:00+08:00
57728,2024-09-19 18:00:00+08:00
57729,2024-09-19 18:00:00+08:00
57731,2024-09-19 18:00:00+08:00
57732,2024-09-19 18:00:00+08:00
57734,2024-09-19 18:00:00+08:00
57735,2024-09-19 18:00:00+08:00
57736,2024-09-19 18:00:00+08:00
57737,2024-09-19 18:00:00+08:00
57738,2024-09-19 18:00:00+08:00
57739,2024-09-19 18:00:00+08:00
57740,2024-09-19 18:00:00+08:00
57741,2024-09-19 18:00:00+08:00
57742,2024-09-19 18:00:00+08:00
57743,2024-09-19 18:00:00+08:00
57744,2024-09-19 18:00:00+08:00
57745,2024-09-19 18:00:00+08:00
57749,2024-09-19 18:00:00+08:00
57752,2024-09-19 18:00:00+08:00
57754,2024-09-19 18:00:00+08:00
57758,2024-09-19 18:00:00+08:00
57760,2024-09-19 18:00:00+08:00
57761,2024-09-19 18:00:00+08:00
57762,2024-09-19 18:00:00+08:00
57763,2024-09-19 18:00:00+08:00
57766,2024-09-19 18:00:00+08:00
57767,2024-09-19 18:00:00+08:00
57768,2024-09-19 18:00:00+08:00
57769,2024-09-19 18:00:00+08:00
57771,2024-09-19 18:00:00+08:00
57772,2024-09-19 18:00:00+08:00
57773,2024-09-19 18:00:00+08:00
57774,2024-09-19 18:00:00+08:00
57776,2024-09-19 18:00:00+08:00
57777,2024-09-19 18:00:00+08:00
57778,2024-09-19 18:00:00+08:00
57779,2024-09-19 18:00:00+08:00
57780,2024-09-19 18:00:00+08:00
57781,2024-09-19 18:00:00+08:00
57783,2024-09-19 16:00:00+08:00
57786,2024-09-19 16:00:00+08:00
57789,2024-09-19 16:00:00+08:00
57792,2024-09-19 16:00:00+08:00
57793,2024-09-19 16:00:00+08:00
57794,2024-09-19 16:00:00+08:00
57796,2024-09-19 16:00:00+08:00
57798,2024-09-19 16:00:00+08:00
57799,2024-09-19 16:00:00+08:00
57800,2024-09-19 18:00:00+08:00
57803,2024-09-19 18:00:00+08:00
57805,2024-09-19 18:00:00+08:00
57806,2024-09-19 18:00:00+08:00
57807,2024-09-19 18:00:00+08:00
57808,2024-09-19 18:00:00+08:00
57809,2024-09-19 18:00:00+08:00
57811,2024-09-19 18:00:00+08:00
57813,2024-09-19 18:00:00+08:00
57814,2024-09-19 18:00:00+08:00
57816,2024-09-19 18:00:00+08:00
57818,2024-09-19 18:00:00+08:00
57821,2024-09-19 18:00:00+08:00
57822,2024-09-19 18:00:00+08:00
57824,2024-09-19 18:00:00+08:00
57825,2024-09-19 18:00:00+08:00
57827,2024-09-19 18:00:00+08:00
57828,2024-09-19 18:00:00+08:00
57829,2024-09-19 18:00:00+08:00
57832,2024-09-19 18:00:00+08:00
57834,2024-09-19 18:00:00+08:00
57835,2024-09-19 18:00:00+08:00
57837,2024-09-19 18:00:00+08:00
57839,2024-09-19 18:00:00+08:00
57840,2024-09-19 18:00:00+08:00
57841,2024-09-19 18:00:00+08:00
57842,2024-09-19 18:00:00+08:00
57844,2024-09-19 18:00:00+08:00
57845,2024-09-19 18:00:00+08:00
57846,2024-09-19 18:00:00+08:00
57851,2024-09-19 18:00:00+08:00
57853,2024-09-19 18:00:00+08:00
57857,2024-09-19 18:00:00+08:00
57859,2024-09-19 16:00:00+08:00
57860,2024-09-19 18:00:00+08:00
57865,2024-09-19 18:00:00+08:00
57866,2024-09-19 18:00:00+08:00
57867,2024-09-19 18:00:00+08:00
57868,2024-09-19 18:00:00+08:00
57870,2024-09-19 18:00:00+08:00
57871,2024-09-19 18:00:00+08:00
57872,2024-09-19 18:00:00+08:00
57874,2024-09-19 18:00:00+08:00
57875,2024-09-19 18:00:00+08:00
57876,2024-09-19 18:00:00+08:00
57881,2024-09-19 18:00:00+08:00
57882,2024-09-19 18:00:00+08:00
57883,2024-09-19 16:00:00+08:00
57886,2024-09-19 18:00:00+08:00
57887,2024-09-19 18:00:00+08:00
57889,2024-09-19 18:00:00+08:00
57891,2024-09-19 16:00:00+08:00
57894,2024-09-19 16:00:00+08:00
57895,2024-09-19 16:00:00+08:00
57896,2024-09-19 16:00:00+08:00
57899,2024-09-19 16:00:00+08:00
57900,2024-09-19 18:00:00+08:00
57902,2024-09-19 18:00:00+08:00
57903,2024-09-19 18:00:00+08:00
57905,2024-09-19 18:00:00+08:00
57906,2024-09-19 18:00:00+08:00
57907,2024-09-19 18:00:00+08:00
57908,2024-09-19 18:00:00+08:00
57909,2024-09-19 18:00:00+08:00
57910,2024-09-19 18:00:00+08:00
57911,2024-09-19 18:00:00+08:00
57912,2024-09-19 18:00:00+08:00
57913,2024-09-19 18:00:00+08:00
57914,2024-09-19 18:00:00+08:00
57915,2024-09-19 18:00:00+08:00
57916,2024-09-19 18:00:00+08:00
57921,2024-09-19 18:00:00+08:00
57922,2024-09-19 18:00:00+08:00
57923,2024-09-19 18:00:00+08:00
57926,2024-09-19 18:00:00+08:00
57927,2024-09-19 16:00:00+08:00
57932,2024-09-19 18:00:00+08:00
57936,2024-09-19 18:00:00+08:00
57941,2024-09-19 16:00:00+08:00
57942,2024-09-19 16:00:00+08:00
57947,2024-09-19 16:00:00+08:00
57948,2024-09-19 16:00:00+08:00
57949,2024-09-19 16:00:00+08:00
57954,2024-09-19 16:00:00+08:00
57955,2024-09-19 16:00:00+08:00
57956,2024-09-19 16:00:00+08:00
57957,2024-09-19 16:00:00+08:00
57958,2024-09-19 16:00:00+08:00
57960,2024-09-19 16:00:00+08:00
57962,2024-09-19 18:00:00+08:00
57964,2024-09-19 16:00:00+08:00
57965,2024-09-19 18:00:00+08:00
57966,2024-09-19 18:00:00+08:00
57969,2024-09-19 18:00:00+08:00
57971,2024-09-19 18:00:00+08:00
57972,2024-09-19 18:00:00+08:00
57973,2024-09-19 18:00:00+08:00
57974,2024-09-19 18:00:00+08:00
57975,2024-09-19 18:00:00+08:00
57976,2024-09-19 18:00:00+08:00
57978,2024-09-19 18:00:00+08:00
57981,2024-09-19 18:00:00+08:00
57985,2024-09-19 18:00:00+08:00
57988,2024-09-19 16:00:00+08:00
57989,2024-09-19 16:00:00+08:00
57990,2024-09-19 16:00:00+08:00
57991,2024-09-19 16:00:00+08:00
57992,2024-09-19 16:00:00+08:00
57993,2024-09-19 16:00:00+08:00
57994,2024-09-19 16:00:00+08:00
57995,2024-09-19 16:00:00+08:00
57996,2024-09-19 16:00:00+08:00
58001,2024-09-19 17:00:00+08:00
58002,2024-09-19 16:00:00+08:00
58003,2024-09-19 16:00:00+08:00
58004,2024-09-19 17:00:00+08:00
58005,2024-09-19 17:00:00+08:00
58006,2024-09-19 17:00:00+08:00
58007,2024-09-19 17:00:00+08:00
58008,2024-09-19 17:00:00+08:00
58011,2024-09-19 16:00:00+08:00
58012,2024-09-19 17:00:00+08:00
58013,2024-09-19 17:00:00+08:00
58015,2024-09-19 15:00:00+08:00
58016,2024-09-19 15:00:00+08:00
58017,2024-09-19 17:00:00+08:00
58020,2024-09-19 16:00:00+08:00
58021,2024-09-19 16:00:00+08:00
58022,2024-09-19 16:00:00+08:00
58024,2024-09-19 16:00:00+08:00
58025,2024-09-19 16:00:00+08:00
58026,2024-09-19 17:00:00+08:00
58027,2024-09-19 17:00:00+08:00
58030,2024-09-19 16:00:00+08:00
58032,2024-09-19 16:00:00+08:00
58034,2024-09-19 16:00:00+08:00
58035,2024-09-19 17:00:00+08:00
58036,2024-09-19 17:00:00+08:00
58038,2024-09-19 17:00:00+08:00
58040,2024-09-19 17:00:00+08:00
58041,2024-09-19 17:00:00+08:00
58044,2024-09-19 17:00:00+08:00
58045,2024-09-19 17:00:00+08:00
58047,2024-09-19 17:00:00+08:00
58048,2024-09-19 17:00:00+08:00
58049,2024-09-19 17:00:00+08:00
58100,2024-09-19 17:00:00+08:00
58101,2024-09-19 17:00:00+08:00
58102,2024-09-19 15:00:00+08:00
58104,2024-09-19 17:00:00+08:00
58107,2024-09-19 15:00:00+08:00
58108,2024-09-19 15:00:00+08:00
58109,2024-09-19 15:00:00+08:00
58111,2024-09-19 17:00:00+08:00
58112,2024-09-19 16:00:00+08:00
58113,2024-09-19 15:00:00+08:00
58114,2024-09-19 15:00:00+08:00
58116,2024-09-19 15:00:00+08:00
58117,2024-09-19 15:00:00+08:00
58118,2024-09-19 15:00:00+08:00
58122,2024-09-19 16:00:00+08:00
58125,2024-09-19 16:00:00+08:00
58126,2024-09-19 16:00:00+08:00
58127,2024-09-19 16:00:00+08:00
58128,2024-09-19 16:00:00+08:00
58129,2024-09-19 16:00:00+08:00
58130,2024-09-19 17:00:00+08:00
58131,2024-09-19 17:00:00+08:00
58132,2024-09-19 17:00:00+08:00
58135,2024-09-19 17:00:00+08:00
58138,2024-09-19 17:00:00+08:00
58139,2024-09-19 17:00:00+08:00
58140,2024-09-19 17:00:00+08:00
58141,2024-09-19 17:00:00+08:00
58143,2024-09-19 17:00:00+08:00
58145,2024-09-19 17:00:00+08:00
58146,2024-09-19 17:00:00+08:00
58147,2024-09-19 17:00:00+08:00
58148,2024-09-19 17:00:00+08:00
58150,2024-09-19 17:00:00+08:00
58154,2024-09-19 17:00:00+08:00
58158,2024-09-19 17:00:00+08:00
58202,2024-09-19 15:00:00+08:00
58203,2024-09-19 15:00:00+08:00
58205,2024-09-19 17:00:00+08:00
58207,2024-09-19 17:00:00+08:00
58208,2024-09-19 17:00:00+08:00
58210,2024-09-19 15:00:00+08:00
58212,2024-09-19 15:00:00+08:00
58214,2024-09-19 15:00:00+08:00
58215,2024-09-19 16:00:00+08:00
58220,2024-09-19 16:00:00+08:00
58221,2024-09-19 16:00:00+08:00
58222,2024-09-19 16:00:00+08:00
58223,2024-09-19 15:00:00+08:00
58224,2024-09-19 16:00:00+08:00
58225,2024-09-19 16:00:00+08:00
58230,2024-09-19 16:00:00+08:00
58234,2024-09-19 16:00:00+08:00
58235,2024-09-19 17:00:00+08:00
58236,2024-09-19 16:00:00+08:00
58237,2024-09-19 17:00:00+08:00
58238,2024-09-19 17:00:00+08:00
58240,2024-09-19 16:00:00+08:00
58241,2024-09-19 17:00:00+08:00
58242,2024-09-19 17:00:00+08:00
58243,2024-09-19 17:00:00+08:00
58244,2024-09-19 17:00:00+08:00
58245,2024-09-19 17:00:00+08:00
58246,2024-09-19 17:00:00+08:00
58247,2024-09-19 17:00:00+08:00
58249,2024-09-19 17:00:00+08:00
58250,2024-09-19 17:00:00+08:00
58251,2024-09-19 17:00:00+08:00
58252,2024-09-19 17:00:00+08:00
58254,2024-09-19 17:00:00+08:00
58255,2024-09-19 17:00:00+08:00
58257,2024-09-19 17:00:00+08:00
58259,2024-09-19 17:00:00+08:00
58264,2024-09-19 17:00:00+08:00
58265,2024-09-19 17:00:00+08:00
58268,2024-09-19 17:00:00+08:00
58269,2024-09-19 17:00:00+08:00
58301,2024-09-19 17:00:00+08:00
58306,2024-09-19 16:00:00+08:00
58311,2024-09-19 16:00:00+08:00
58314,2024-09-19 16:00:00+08:00
58316,2024-09-19 16:00:00+08:00
58317,2024-09-19 16:00:00+08:00
58319,2024-09-19 16:00:00+08:00
58320,2024-09-19 16:00:00+08:00
58321,2024-09-19 16:00:00+08:00
58323,2024-09-19 16:00:00+08:00
58326,2024-09-19 16:00:00+08:00
58327,2024-09-19 16:00:00+08:00
58329,2024-09-19 16:00:00+08:00
58330,2024-09-19 16:00:00+08:00
58331,2024-09-19 16:00:00+08:00
58334,2024-09-19 16:00:00+08:00
58335,2024-09-19 16:00:00+08:00
58336,2024-09-19 16:00:00+08:00
58337,2024-09-19 16:00:00+08:00
58338,2024-09-19 16:00:00+08:00
58339,2024-09-19 17:00:00+08:00
58340,2024-09-19 17:00:00+08:00
58341,2024-09-19 17:00:00+08:00
58342,2024-09-19 17:00:00+08:00
58343,2024-09-19 17:00:00+08:00
58344,2024-09-19 17:00:00+08:00
58345,2024-09-19 17:00:00+08:00
58346,2024-09-19 17:00:00+08:00
58349,2024-09-19 17:00:00+08:00
58351,2024-09-19 17:00:00+08:00
58352,2024-09-19 17:00:00+08:00
58353,2024-09-19 17:00:00+08:00
58354,2024-09-19 17:00:00+08:00
58356,2024-09-19 17:00:00+08:00
58358,2024-09-19 17:00:00+08:00
58359,2024-09-19 17:00:00+08:00
58360,2024-09-19 17:00:00+08:00
58361,2024-09-19 15:00:00+08:00
58362,2024-09-19 15:00:00+08:00
58365,2024-09-19 15:00:00+08:00
58366,2024-09-19 15:00:00+08:00
58367,2024-09-19 15:00:00+08:00
58369,2024-09-19 15:00:00+08:00
58370,2024-09-19 15:00:00+08:00
58377,2024-09-19 17:00:00+08:00
58401,2024-09-19 18:00:00+08:00
58402,2024-09-19 18:00:00+08:00
58404,2024-09-19 18:00:00+08:00
58407,2024-09-19 18:00:00+08:00
58408,2024-09-19 18:00:00+08:00
58409,2024-09-19 18:00:00+08:00
58414,2024-09-19 16:00:00+08:00
58415,2024-09-19 16:00:00+08:00
58416,2024-09-19 16:00:00+08:00
58417,2024-09-19 16:00:00+08:00
58418,2024-09-19 16:00:00+08:00
58419,2024-09-19 16:00:00+08:00
58420,2024-09-19 16:00:00+08:00
58421,2024-09-19 16:00:00+08:00
58423,2024-09-19 16:00:00+08:00
58424,2024-09-19 16:00:00+08:00
58426,2024-09-19 16:00:00+08:00
58427,2024-09-19 16:00:00+08:00
58428,2024-09-19 16:00:00+08:00
58429,2024-09-19 16:00:00+08:00
58431,2024-09-19 16:00:00+08:00
58432,2024-09-19 16:00:00+08:00
58433,2024-09-19 16:00:00+08:00
58435,2024-09-19 16:00:00+08:00
58436,2024-09-19 16:00:00+08:00
58437,2024-09-19 16:00:00+08:00
58438,2024-09-19 16:00:00+08:00
58441,2024-09-19 16:00:00+08:00
58442,2024-09-19 16:00:00+08:00
58443,2024-09-19 17:00:00+08:00
58446,2024-09-19 17:00:00+08:00
58448,2024-09-19 17:00:00+08:00
58449,2024-09-19 17:00:00+08:00
58450,2024-09-19 17:00:00+08:00
58451,2024-09-19 17:00:00+08:00
58452,2024-09-19 17:00:00+08:00
58453,2024-09-19 17:00:00+08:00
58454,2024-09-19 17:00:00+08:00
58455,2024-09-19 17:00:00+08:00
58456,2024-09-19 17:00:00+08:00
58457,2024-09-19 17:00:00+08:00
58458,2024-09-19 17:00:00+08:00
58459,2024-09-19 17:00:00+08:00
58460,2024-09-19 15:00:00+08:00
58461,2024-09-19 15:00:00+08:00
58462,2024-09-19 15:00:00+08:00
58463,2024-09-19 15:00:00+08:00
58464,2024-09-19 17:00:00+08:00
58467,2024-09-19 17:00:00+08:00
58468,2024-09-19 17:00:00+08:00
58472,2024-09-19 17:00:00+08:00
58477,2024-09-19 17:00:00+08:00
58484,2024-09-19 17:00:00+08:00
58500,2024-09-19 18:00:00+08:00
58501,2024-09-19 18:00:00+08:00
58502,2024-09-19 16:00:00+08:00
58503,2024-09-19 16:00:00+08:00
58505,2024-09-19 16:00:00+08:00
58506,2024-09-19 16:00:00+08:00
58507,2024-09-19 16:00:00+08:00
58508,2024-09-19 16:00:00+08:00
58509,2024-09-19 16:00:00+08:00
58510,2024-09-19 16:00:00+08:00
58512,2024-09-19 16:00:00+08:00
58514,2024-09-19 16:00:00+08:00
58517,2024-09-19 16:00:00+08:00
58519,2024-09-19 16:00:00+08:00
58520,2024-09-19 16:00:00+08:00
58523,2024-09-19 16:00:00+08:00
58524,2024-09-19 16:00:00+08:00
58527,2024-09-19 16:00:00+08:00
58529,2024-09-19 16:00:00+08:00
58530,2024-09-19 16:00:00+08:00
58531,2024-09-19 16:00:00+08:00
58534,2024-09-19 16:00:00+08:00
58537,2024-09-19 17:00:00+08:00
58542,2024-09-19 17:00:00+08:00
58543,2024-09-19 17:00:00+08:00
58544,2024-09-19 17:00:00+08:00
58546,2024-09-19 17:00:00+08:00
58547,2024-09-19 17:00:00+08:00
58548,2024-09-19 17:00:00+08:00
58549,2024-09-19 17:00:00+08:00
58550,2024-09-19 18:00:00+08:00
58553,2024-09-19 17:00:00+08:00
58555,2024-09-19 17:00:00+08:00
58556,2024-09-19 17:00:00+08:00
58557,2024-09-19 17:00:00+08:00
58558,2024-09-19 17:00:00+08:00
58559,2024-09-19 17:00:00+08:00
58560,2024-09-19 18:00:00+08:00
58561,2024-09-19 18:00:00+08:00
58562,2024-09-19 17:00:00+08:00
58563,2024-09-19 17:00:00+08:00
58565,2024-09-19 17:00:00+08:00
58566,2024-09-19 17:00:00+08:00
58567,2024-09-19 17:00:00+08:00
58568,2024-09-19 17:00:00+08:00
58569,2024-09-19 18:00:00+08:00
58570,2024-09-19 17:00:00+08:00
58600,2024-09-19 16:00:00+08:00
58601,2024-09-19 16:00:00+08:00
58602,2024-09-19 16:00:00+08:00
58604,2024-09-19 16:00:00+08:00
58605,2024-09-19 16:00:00+08:00
58606,2024-09-19 16:00:00+08:00
58607,2024-09-19 16:00:00+08:00
58608,2024-09-19 16:00:00+08:00
58609,2024-09-19 16:00:00+08:00
58612,2024-09-19 16:00:00+08:00
58614,2024-09-19 17:00:00+08:00
58615,2024-09-19 16:00:00+08:00
58616,2024-09-19 16:00:00+08:00
58618,2024-09-19 17:00:00+08:00
58619,2024-09-19 17:00:00+08:00
58620,2024-09-19 16:00:00+08:00
58622,2024-09-19 16:00:00+08:00
58623,2024-09-19 17:00:00+08:00
58624,2024-09-19 17:00:00+08:00
58625,2024-09-19 17:00:00+08:00
58626,2024-09-19 16:00:00+08:00
58627,2024-09-19 16:00:00+08:00
58629,2024-09-19 17:00:00+08:00
58631,2024-09-19 17:00:00+08:00
58632,2024-09-19 17:00:00+08:00
58633,2024-09-19 18:00:00+08:00
58634,2024-09-19 17:00:00+08:00
58635,2024-09-19 17:00:00+08:00
58637,2024-09-19 17:00:00+08:00
58642,2024-09-19 18:00:00+08:00
58643,2024-09-19 18:00:00+08:00
58644,2024-09-19 18:00:00+08:00
58645,2024-09-19 17:00:00+08:00
58646,2024-09-19 18:00:00+08:00
58647,2024-09-19 18:00:00+08:00
58648,2024-09-19 18:00:00+08:00
58652,2024-09-19 18:00:00+08:00
58654,2024-09-19 18:00:00+08:00
58656,2024-09-19 18:00:00+08:00
58657,2024-09-19 18:00:00+08:00
58658,2024-09-19 18:00:00+08:00
58659,2024-09-19 18:00:00+08:00
58660,2024-09-19 18:00:00+08:00
58664,2024-09-19 18:00:00+08:00
58665,2024-09-19 18:00:00+08:00
58666,2024-09-19 18:00:00+08:00
58667,2024-09-19 18:00:00+08:00
58693,2024-09-19 17:00:00+08:00
58701,2024-09-19 17:00:00+08:00
58704,2024-09-19 17:00:00+08:00
58705,2024-09-19 17:00:00+08:00
58706,2024-09-19 17:00:00+08:00
58707,2024-09-19 17:00:00+08:00
58710,2024-09-19 17:00:00+08:00
58712,2024-09-19 17:00:00+08:00
58713,2024-09-19 16:00:00+08:00
58714,2024-09-19 17:00:00+08:00
58715,2024-09-19 17:00:00+08:00
58718,2024-09-19 17:00:00+08:00
58719,2024-09-19 17:00:00+08:00
58724,2024-09-19 18:00:00+08:00
58725,2024-09-19 18:00:00+08:00
58730,2024-09-19 18:00:00+08:00
58731,2024-09-19 18:00:00+08:00
58734,2024-09-19 18:00:00+08:00
58735,2024-09-19 18:00:00+08:00
58736,2024-09-19 18:00:00+08:00
58737,2024-09-19 18:00:00+08:00
58742,2024-09-19 18:00:00+08:00
58744,2024-09-19 18:00:00+08:00
58745,2024-09-19 18:00:00+08:00
58746,2024-09-19 18:00:00+08:00
58747,2024-09-19 18:00:00+08:00
58748,2024-09-19 18:00:00+08:00
58749,2024-09-19 18:00:00+08:00
58750,2024-09-19 18:00:00+08:00
58751,2024-09-19 18:00:00+08:00
58752,2024-09-19 18:00:00+08:00
58754,2024-09-19 18:00:00+08:00
58760,2024-09-19 18:00:00+08:00
58804,2024-09-19 17:00:00+08:00
58806,2024-09-19 17:00:00+08:00
58813,2024-09-19 17:00:00+08:00
58814,2024-09-19 17:00:00+08:00
58818,2024-09-19 18:00:00+08:00
58819,2024-09-19 18:00:00+08:00
58820,2024-09-19 18:00:00+08:00
58821,2024-09-19 18:00:00+08:00
58822,2024-09-19 18:00:00+08:00
58823,2024-09-19 18:00:00+08:00
58824,2024-09-19 18:00:00+08:00
58826,2024-09-19 18:00:00+08:00
58828,2024-09-19 18:00:00+08:00
58834,2024-09-19 18:00:00+08:00
58836,2024-09-19 18:00:00+08:00
58837,2024-09-19 18:00:00+08:00
58839,2024-09-19 18:00:00+08:00
58843,2024-09-19 18:00:00+08:00
58844,2024-09-19 18:00:00+08:00
58845,2024-09-19 18:00:00+08:00
58846,2024-09-19 18:00:00+08:00
58847,2024-09-19 18:00:00+08:00
58848,2024-09-19 18:00:00+08:00
58850,2024-09-19 18:00:00+08:00
58903,2024-09-19 17:00:00+08:00
58905,2024-09-19 17:00:00+08:00
58906,2024-09-19 17:00:00+08:00
58907,2024-09-19 16:00:00+08:00
58911,2024-09-19 18:00:00+08:00
58912,2024-09-19 18:00:00+08:00
58917,2024-09-19 18:00:00+08:00
58918,2024-09-19 18:00:00+08:00
58921,2024-09-19 18:00:00+08:00
58923,2024-09-19 18:00:00+08:00
58926,2024-09-19 18:00:00+08:00
58927,2024-09-19 18:00:00+08:00
58928,2024-09-19 18:00:00+08:00
58929,2024-09-19 18:00:00+08:00
58931,2024-09-19 18:00:00+08:00
58932,2024-09-19 18:00:00+08:00
58933,2024-09-19 18:00:00+08:00
58934,2024-09-19 18:00:00+08:00
58935,2024-09-19 18:00:00+08:00
58936,2024-09-19 18:00:00+08:00
58938,2024-09-19 18:00:00+08:00
58940,2024-09-19 18:00:00+08:00
58941,2024-09-19 18:00:00+08:00
58942,2024-09-19 18:00:00+08:00
58944,2024-09-19 18:00:00+08:00
58946,2024-09-19 18:00:00+08:00
59001,2024-09-19 16:00:00+08:00
59004,2024-09-19 16:00:00+08:00
59007,2024-09-19 15:00:00+08:00
59012,2024-09-19 16:00:00+08:00
59015,2024-09-19 16:00:00+08:00
59017,2024-09-19 16:00:00+08:00
59021,2024-09-19 16:00:00+08:00
59022,2024-09-19 16:00:00+08:00
59023,2024-09-19 16:00:00+08:00
59025,2024-09-19 16:00:00+08:00
59027,2024-09-19 16:00:00+08:00
59031,2024-09-19 16:00:00+08:00
59033,2024-09-19 16:00:00+08:00
59034,2024-09-19 16:00:00+08:00
59037,2024-09-19 16:00:00+08:00
59038,2024-09-19 16:00:00+08:00
59041,2024-09-19 16:00:00+08:00
59044,2024-09-19 16:00:00+08:00
59045,2024-09-19 16:00:00+08:00
59046,2024-09-19 16:00:00+08:00
59047,2024-09-19 16:00:00+08:00
59051,2024-09-19 16:00:00+08:00
59052,2024-09-19 16:00:00+08:00
59053,2024-09-19 16:00:00+08:00
59055,2024-09-19 16:00:00+08:00
59057,2024-09-19 16:00:00+08:00
59058,2024-09-19 16:00:00+08:00
59059,2024-09-19 16:00:00+08:00
59061,2024-09-19 16:00:00+08:00
59063,2024-09-19 18:00:00+08:00
59064,2024-09-19 16:00:00+08:00
59065,2024-09-19 16:00:00+08:00
59071,2024-09-19 16:00:00+08:00
59072,2024-09-19 16:00:00+08:00
59074,2024-09-19 16:00:00+08:00
59075,2024-09-19 16:00:00+08:00
59081,2024-09-19 16:00:00+08:00
59082,2024-09-19 16:00:00+08:00
59087,2024-09-19 16:00:00+08:00
59088,2024-09-19 16:00:00+08:00
59090,2024-09-19 16:00:00+08:00
59091,2024-09-19 16:00:00+08:00
59092,2024-09-19 16:00:00+08:00
59093,2024-09-19 17:00:00+08:00
59094,2024-09-19 16:00:00+08:00
59096,2024-09-19 16:00:00+08:00
59097,2024-09-19 16:00:00+08:00
59099,2024-09-19 16:00:00+08:00
59102,2024-09-19 17:00:00+08:00
59106,2024-09-19 16:00:00+08:00
59107,2024-09-19 16:00:00+08:00
59109,2024-09-19 16:00:00+08:00
59113,2024-09-19 18:00:00+08:00
59114,2024-09-19 16:00:00+08:00
59116,2024-09-19 16:00:00+08:00
59117,2024-09-19 16:00:00+08:00
59122,2024-09-19 18:00:00+08:00
59124,2024-09-19 18:00:00+08:00
59125,2024-09-19 18:00:00+08:00
59126,2024-09-19 18:00:00+08:00
59127,2024-09-19 18:00:00+08:00
59129,2024-09-19 18:00:00+08:00
59130,2024-09-19 18:00:00+08:00
59131,2024-09-19 18:00:00+08:00
59133,2024-09-19 18:00:00+08:00
59134,2024-09-19 18:00:00+08:00
59137,2024-09-19 18:00:00+08:00
59205,2024-09-19 15:00:00+08:00
59209,2024-09-19 16:00:00+08:00
59211,2024-09-19 16:00:00+08:00
59213,2024-09-19 16:00:00+08:00
59215,2024-09-19 16:00:00+08:00
59218,2024-09-19 16:00:00+08:00
59224,2024-09-19 16:00:00+08:00
59227,2024-09-19 16:00:00+08:00
59228,2024-09-19 16:00:00+08:00
59229,2024-09-19 16:00:00+08:00
59230,2024-09-19 16:00:00+08:00
59235,2024-09-19 16:00:00+08:00
59237,2024-09-19 16:00:00+08:00
59238,2024-09-19 16:00:00+08:00
59241,2024-09-19 16:00:00+08:00
59242,2024-09-19 16:00:00+08:00
59246,2024-09-19 16:00:00+08:00
59249,2024-09-19 16:00:00+08:00
59254,2024-09-19 16:00:00+08:00
59255,2024-09-19 16:00:00+08:00
59256,2024-09-19 16:00:00+08:00
59264,2024-09-19 16:00:00+08:00
59265,2024-09-19 16:00:00+08:00
59266,2024-09-19 16:00:00+08:00
59268,2024-09-19 16:00:00+08:00
59269,2024-09-19 16:00:00+08:00
59270,2024-09-19 16:00:00+08:00
59271,2024-09-19 16:00:00+08:00
59276,2024-09-19 16:00:00+08:00
59278,2024-09-19 16:00:00+08:00
59279,2024-09-19 16:00:00+08:00
59280,2024-09-19 16:00:00+08:00
59284,2024-09-19 16:00:00+08:00
59285,2024-09-19 16:00:00+08:00
59287,2024-09-19 16:00:00+08:00
59288,2024-09-19 16:00:00+08:00
59289,2024-09-19 16:00:00+08:00
59290,2024-09-19 16:00:00+08:00
59293,2024-09-19 16:00:00+08:00
59294,2024-09-19 16:00:00+08:00
59297,2024-09-19 16:00:00+08:00
59298,2024-09-19 16:00:00+08:00
59303,2024-09-19 16:00:00+08:00
59304,2024-09-19 16:00:00+08:00
59306,2024-09-19 16:00:00+08:00
59310,2024-09-19 16:00:00+08:00
59312,2024-09-19 16:00:00+08:00
59313,2024-09-19 16:00:00+08:00
59314,2024-09-19 16:00:00+08:00
59315,2024-09-19 16:00:00+08:00
59316,2024-09-19 16:00:00+08:00
59317,2024-09-19 16:00:00+08:00
59318,2024-09-19 16:00:00+08:00
59319,2024-09-19 16:00:00+08:00
59320,2024-09-19 18:00:00+08:00
59321,2024-09-19 18:00:00+08:00
59322,2024-09-19 18:00:00+08:00
59324,2024-09-19 16:00:00+08:00
59417,2024-09-19 16:00:00+08:00
59419,2024-09-19 16:00:00+08:00
59421,2024-09-19 16:00:00+08:00
59425,2024-09-19 16:00:00+08:00
59426,2024-09-19 16:00:00+08:00
59427,2024-09-19 16:00:00+08:00
59429,2024-09-19 16:00:00+08:00
59431,2024-09-19 16:00:00+08:00
59432,2024-09-19 16:00:00+08:00
59435,2024-09-19 16:00:00+08:00
59441,2024-09-19 16:00:00+08:00
59446,2024-09-19 16:00:00+08:00
59448,2024-09-19 16:00:00+08:00
59449,2024-09-19 16:00:00+08:00
59451,2024-09-19 16:00:00+08:00
59452,2024-09-19 16:00:00+08:00
59453,2024-09-19 16:00:00+08:00
59454,2024-09-19 16:00:00+08:00
59456,2024-09-19 16:00:00+08:00
59457,2024-09-19 16:00:00+08:00
59462,2024-09-19 16:00:00+08:00
59469,2024-09-19 16:00:00+08:00
59470,2024-09-19 16:00:00+08:00
59471,2024-09-19 16:00:00+08:00
59473,2024-09-19 16:00:00+08:00
59475,2024-09-19 16:00:00+08:00
59476,2024-09-19 16:00:00+08:00
59477,2024-09-19 16:00:00+08:00
59478,2024-09-19 16:00:00+08:00
59480,2024-09-19 16:00:00+08:00
59481,2024-09-19 16:00:00+08:00
59485,2024-09-19 16:00:00+08:00
59487,2024-09-19 16:00:00+08:00
59488,2024-09-19 16:00:00+08:00
59492,2024-09-19 16:00:00+08:00
59493,2024-09-19 16:00:00+08:00
59500,2024-09-19 16:00:00+08:00
59501,2024-09-19 16:00:00+08:00
59502,2024-09-19 16:00:00+08:00
59626,2024-09-19 16:00:00+08:00
59631,2024-09-19 16:00:00+08:00
59632,2024-09-19 16:00:00+08:00
59635,2024-09-19 16:00:00+08:00
59640,2024-09-19 16:00:00+08:00
59644,2024-09-19 16:00:00+08:00
59647,2024-09-19 16:00:00+08:00
59650,2024-09-19 16:00:00+08:00
59653,2024-09-19 16:00:00+08:00
59654,2024-09-19 16:00:00+08:00
59655,2024-09-19 16:00:00+08:00
59656,2024-09-19 16:00:00+08:00
59658,2024-09-19 16:00:00+08:00
59659,2024-09-19 16:00:00+08:00
59663,2024-09-19 16:00:00+08:00
59664,2024-09-19 16:00:00+08:00
59673,2024-09-19 16:00:00+08:00
59750,2024-09-19 16:00:00+08:00
59754,2024-09-19 16:00:00+08:00
59757,2024-09-19 18:00:00+08:00
59758,2024-09-19 18:00:00+08:00
59838,2024-09-19 18:00:00+08:00
59842,2024-09-19 18:00:00+08:00
59843,2024-09-19 18:00:00+08:00
59845,2024-09-19 18:00:00+08:00
59847,2024-09-19 18:00:00+08:00
59848,2024-09-19 18:00:00+08:00
59849,2024-09-19 18:00:00+08:00
59851,2024-09-19 18:00:00+08:00
59854,2024-09-19 18:00:00+08:00
59855,2024-09-19 18:00:00+08:00
59856,2024-09-19 18:00:00+08:00
59940,2024-09-19 18:00:00+08:00
59941,2024-09-19 18:00:00+08:00
59945,2024-09-19 18:00:00+08:00
59948,2024-09-19 18:00:00+08:00
59951,2024-09-19 18:00:00+08:00
59954,2024-09-19 18:00:00+08:00
59981,2024-09-19 18:00:00+08:00
59985,2024-08-27 19:00:00+08:00
